Date,02T,05T,10T,11T,12T,59T,61T,03T,50T,52T,53T,54T,08T,13T,14T,16T,17T,18T,19T,20T,21T,22T,24T,25T,26T,27T,28T,29T,30T,31T,32T,33T,34T,35T,36T,37T,38T,39T,40T,41T,42T,43T,44T,46T,47T,60T,62T,63T,57T,58T,67T,68T,69T,70T,71T,72T,73T,74T,75T,76T,77T,78T,79T,80T,81T,82T,83T,84T
1/1/2020,20,22,18,23,17,20,20,21,22,21,21,23,29,20,32,16,16,35,21,23,18,28,16,25,45,27,18,21,25,22,26,23,20,28,28,23,21,15,18,35,13,8,12,20,15,15,15,15,18,24,21,28,20,22,15,13,20,24,17,35,15,10,38,7,34,n/a,n/a,n/a
2/1/2020,26,24,20,26,21,24,26,28,27,27,28,30,32,25,28,22,21,38,22,23,20,31,22,26,40,30,34,27,26,26,27,31,25,23,17,17,21,13,19,23,23,15,12,21,19,23,13,13,16,18,15,22,16,19,21,17,19,29,14,32,22,9,29,8,27,n/a,n/a,n/a
3/1/2020,32,28,24,31,24,27,32,32,29,33,30,36,38,30,33,27,24,41,26,29,32,31,35,34,66,45,34,31,21,32,31,34,24,26,16,23,22,14,24,29,23,9,12,24,24,27,14,12,14,16,16,26,25,18,28,16,24,33,10,33,25,8,43,8,38,n/a,n/a,n/a
4/1/2020,37,35,31,35,35,34,37,38,39,39,35,44,48,35,43,36,31,51,30,34,46,37,45,44,76,58,41,34,36,36,41,46,37,36,30,42,36,30,37,34,18,9,12,28,27,34,13,17,18,25,20,49,36,28,45,19,27,38,15,33,28,8,51,9,51,n/a,n/a,n/a
5/1/2020,45,41,33,40,36,38,42,51,44,45,40,46,56,39,53,44,41,58,34,44,47,39,42,48,71,61,49,47,38,44,49,52,45,61,55,51,43,44,50,34,20,9,14,25,28,40,18,19,28,26,21,69,42,37,44,23,37,51,19,40,39,8,56,10,56,n/a,n/a,n/a
6/1/2020,51,49,39,46,49,40,46,62,50,52,45,52,63,45,66,43,45,62,33,42,52,48,62,55,62,67,57,55,45,53,51,54,41,42,36,59,61,51,59,45,18,16,21,34,35,38,24,25,27,22,28,57,52,43,48,32,40,64,23,41,41,17,71,20,57,n/a,n/a,n/a
7/1/2020,51,57,39,47,45,38,57,64,52,53,57,64,66,48,71,49,47,72,41,59,58,54,75,63,70,54,61,53,n/a,49,63,68,54,31,27,64,84,60,72,59,31,28,19,60,46,46,20,22,31,18,39,55,60,50,50,34,33,59,32,41,48,17,72,15,53,n/a,n/a,n/a
8/1/2020,53,64,47,53,52,49,60,58,55,55,59,63,76,49,59,53,50,76,48,51,61,54,76,57,82,61,58,49,43,55,65,66,59,56,51,73,66,54,61,53,18,12,12,42,39,61,14,15,43,18,36,70,60,59,48,34,48,55,31,54,45,9,83,8,55,n/a,n/a,n/a
9/1/2020,60,55,47,49,49,47,53,74,56,63,56,70,67,60,81,51,54,68,55,63,57,61,67,56,90,88,53,51,46,51,55,57,53,58,58,64,49,58,55,55,12,7,12,43,40,50,17,16,48,29,33,68,72,56,48,33,50,56,31,53,48,8,71,8,74,n/a,n/a,n/a
10/1/2020,97,100,63,72,78,70,78,96,82,101,77,102,112,82,94,86,86,108,48,67,60,72,68,59,88,109,51,58,41,66,67,60,59,49,47,64,61,60,65,62,17,13,15,46,44,47,18,21,44,23,44,65,87,57,47,41,44,55,37,50,46,7,82,11,77,n/a,n/a,n/a
11/1/2020,46,46,35,46,35,42,47,57,49,49,46,65,55,47,61,37,37,53,28,51,60,54,76,64,73,59,34,20,18,29,37,43,37,35,35,52,62,55,60,59,21,18,16,50,50,41,18,19,29,24,45,62,86,45,44,50,22,26,40,54,69,12,68,13,70,n/a,n/a,n/a
12/1/2020,36,37,26,35,33,33,38,38,39,39,38,55,47,42,40,27,31,43,25,38,47,43,60,51,61,32,27,21,22,26,30,33,32,42,40,74,79,81,87,64,29,22,19,40,50,31,20,20,21,25,46,64,93,36,51,50,27,24,38,58,57,12,53,18,41,n/a,n/a,n/a
13/1/2020,33,33,26,36,33,30,34,39,42,39,38,45,47,40,41,31,34,47,30,40,44,37,63,55,45,27,32,27,27,26,34,37,31,86,80,106,82,88,96,51,25,18,16,42,49,35,18,22,38,26,45,66,87,54,53,40,42,29,40,72,47,18,62,16,32,n/a,n/a,n/a
14/1/2020,34,36,27,35,30,29,35,42,37,34,38,47,44,37,44,30,28,41,31,36,50,36,87,59,42,25,37,29,29,29,37,42,28,48,45,81,57,65,66,59,17,11,12,45,72,40,17,16,38,24,53,49,72,63,60,45,58,29,38,61,59,13,62,10,29,n/a,n/a,n/a
15/1/2020,35,38,30,37,31,31,39,45,39,36,38,49,45,40,45,30,28,42,31,34,44,40,82,58,49,23,35,29,29,29,33,40,31,35,34,77,54,68,69,51,22,17,18,59,79,38,22,21,23,24,58,28,81,48,68,56,30,35,41,53,77,13,69,16,33,n/a,n/a,n/a
16/1/2020,37,41,33,39,37,37,40,47,42,38,42,56,47,40,46,33,33,44,36,41,56,42,81,58,58,28,42,33,34,35,38,46,37,32,30,70,55,65,65,59,31,26,29,69,78,40,24,27,22,24,52,28,76,37,62,57,25,38,34,50,57,17,79,21,36,n/a,n/a,n/a
17/1/2020,45,46,36,47,43,42,47,58,50,45,48,60,54,51,56,39,37,51,42,45,51,46,71,53,66,34,41,36,36,41,43,48,36,38,38,68,61,66,72,60,32,32,32,66,81,40,24,28,25,28,47,33,74,44,55,63,29,45,32,51,58,16,85,25,40,n/a,n/a,n/a
18/1/2020,58,58,48,55,52,52,55,59,59,54,56,79,64,61,63,46,49,63,46,60,70,62,90,71,75,44,51,51,48,54,55,56,51,49,51,90,66,73,84,66,32,27,23,54,68,51,22,26,34,38,55,45,78,54,82,60,36,58,37,56,73,18,88,25,52,n/a,n/a,n/a
19/1/2020,56,58,50,56,53,52,57,58,58,55,56,74,65,59,57,49,49,66,45,58,65,57,87,77,71,46,57,51,45,54,58,58,53,36,43,94,71,81,84,76,26,20,21,50,69,60,20,24,45,27,61,48,80,70,72,55,51,58,47,50,76,14,85,16,57,n/a,n/a,n/a
20/1/2020,64,60,54,61,58,56,62,72,65,64,63,76,73,66,n/a,58,52,75,49,62,80,67,91,81,67,52,60,48,41,49,50,60,56,50,51,90,68,74,72,60,25,21,16,35,50,62,16,19,48,23,57,34,79,74,66,45,61,51,44,50,79,12,86,15,54,n/a,n/a,n/a
21/1/2020,46,47,45,50,45,45,53,55,51,45,56,72,55,54,n/a,40,40,53,38,56,73,58,97,92,52,26,49,35,36,45,30,53,43,51,57,82,63,73,69,64,12,12,14,38,66,55,17,17,38,29,52,39,73,70,74,48,49,45,40,57,71,10,77,9,41,n/a,n/a,n/a
22/1/2020,41,36,32,39,32,32,41,45,43,39,43,53,39,44,45,35,31,41,28,40,58,43,90,75,53,25,37,29,28,29,22,38,29,35,n/a,81,61,74,69,68,20,13,13,59,74,41,16,16,23,33,63,35,77,56,73,54,37,34,41,54,70,10,72,10,36,n/a,n/a,n/a
23/1/2020,35,35,26,35,32,33,40,46,38,34,35,51,40,38,44,30,30,44,27,44,53,38,71,58,50,26,38,25,27,30,26,35,27,27,31,73,52,65,66,61,13,11,11,65,76,37,16,15,21,28,58,29,77,42,53,59,32,36,34,53,70,12,73,8,31,n/a,n/a,n/a
24/1/2020,24,21,18,27,24,24,26,30,27,22,21,43,27,25,28,18,19,32,20,27,33,21,43,37,33,15,26,14,15,16,15,29,17,28,34,93,65,84,67,42,18,12,15,75,58,25,16,18,19,35,54,31,99,56,n/a,57,34,20,25,48,46,12,50,13,20,n/a,n/a,n/a
25/1/2020,21,18,15,21,17,16,20,20,21,17,16,30,23,20,17,14,17,29,19,21,23,17,34,27,21,13,20,12,19,13,14,20,16,36,34,98,77,134,80,32,15,11,17,51,38,20,15,17,26,32,63,44,131,67,n/a,41,51,17,34,46,49,14,34,9,17,n/a,n/a,n/a
26/1/2020,17,12,11,15,13,15,19,23,19,15,12,25,19,18,23,13,12,27,16,16,24,16,32,29,29,14,14,9,15,6,9,16,9,41,46,130,84,n/a,117,29,17,15,16,36,26,17,15,16,25,37,89,49,136,79,17,33,36,11,43,58,30,14,43,11,17,n/a,n/a,n/a
27/1/2020,21,20,14,20,21,19,23,29,24,23,19,27,28,22,36,20,20,35,20,18,27,21,37,32,31,25,17,10,19,10,11,18,14,40,45,136,128,266,137,56,16,15,17,28,35,18,15,16,18,41,107,49,151,99,14,28,48,15,63,54,36,16,58,12,28,n/a,n/a,n/a
28/1/2020,34,26,18,27,25,26,26,40,35,33,29,43,36,33,41,26,27,44,23,29,54,29,49,40,39,30,18,15,19,14,18,30,25,43,50,112,121,131,79,39,18,16,17,35,34,21,15,15,18,35,91,47,119,99,16,35,48,21,63,55,36,12,50,13,32,n/a,n/a,n/a
29/1/2020,30,27,22,30,24,29,33,39,35,31,30,39,34,36,46,25,26,34,21,33,55,33,77,50,51,26,26,14,18,17,17,38,19,44,42,91,105,103,91,55,19,13,14,26,37,25,14,16,19,36,69,41,107,94,21,37,44,24,49,81,41,12,70,10,37,n/a,n/a,n/a
30/1/2020,37,37,28,35,35,29,37,41,38,33,34,42,44,38,47,35,33,54,31,37,58,36,70,57,63,36,35,29,23,31,28,42,43,60,56,103,109,106,96,36,20,16,14,29,27,34,14,15,19,45,41,51,107,70,28,24,37,32,32,97,33,12,105,10,35,n/a,n/a,n/a
31/1/2020,45,45,34,46,44,45,46,43,46,42,44,47,51,46,51,43,40,60,37,45,46,49,57,56,69,45,45,37,41,34,38,48,42,65,70,74,74,66,47,40,21,16,16,47,49,39,17,18,21,52,50,48,73,71,34,39,52,44,34,76,47,11,66,11,49,n/a,n/a,n/a
1/2/2020,61,60,43,58,57,55,61,63,64,60,60,72,72,66,71,63,59,79,45,62,70,62,82,88,75,60,55,49,47,49,48,57,59,50,54,56,53,47,48,59,22,19,18,51,70,57,17,19,22,46,66,36,70,64,57,55,57,59,42,61,78,10,82,16,55,n/a,n/a,n/a
2/2/2020,60,60,53,58,58,59,62,62,63,57,65,73,72,62,72,54,55,77,43,66,86,69,110,106,72,49,60,51,41,51,47,62,66,38,38,73,69,61,68,73,21,18,18,56,79,66,19,22,23,40,70,31,75,66,66,61,56,57,45,63,112,15,86,15,54,n/a,n/a,n/a
3/2/2020,53,54,45,58,48,46,n/a,55,55,49,56,70,62,57,54,47,47,69,39,57,72,60,108,90,67,40,64,50,51,52,45,63,53,33,37,56,48,48,41,69,30,25,n/a,63,82,63,18,23,23,37,59,26,74,59,72,69,43,56,43,57,98,16,81,22,44,n/a,n/a,n/a
4/2/2020,44,42,33,43,40,44,46,49,45,41,42,56,50,45,50,37,39,54,31,43,54,45,74,58,52,34,51,36,35,39,39,54,41,41,40,48,47,46,34,54,27,28,25,74,81,48,19,25,30,42,53,29,60,50,61,81,45,44,36,54,69,19,65,19,38,n/a,n/a,n/a
5/2/2020,32,29,25,32,27,31,31,39,34,29,32,43,35,35,36,24,31,42,24,33,45,35,55,48,39,23,34,21,22,22,25,39,28,36,37,71,59,59,57,47,15,11,17,55,72,35,16,18,40,40,65,31,62,71,51,65,51,27,51,56,53,14,50,9,26,n/a,n/a,n/a
6/2/2020,26,24,20,22,21,22,28,35,27,23,22,35,29,27,31,19,21,36,22,29,32,24,58,35,36,18,31,21,23,23,22,38,22,41,43,57,49,48,44,42,17,11,16,59,55,31,17,19,35,40,72,30,60,47,46,60,43,27,51,56,45,10,44,12,24,n/a,n/a,n/a
7/2/2020,30,29,27,31,25,30,33,38,32,28,35,42,32,36,38,22,26,38,23,30,41,37,56,42,37,20,30,19,21,20,17,33,22,38,44,52,49,49,39,33,19,17,21,80,60,31,20,24,40,45,65,33,54,46,48,70,54,23,40,55,48,15,49,17,25,n/a,n/a,n/a
8/2/2020,36,35,29,36,35,35,35,38,n/a,35,40,46,37,41,42,29,31,47,27,39,53,41,93,67,51,25,34,28,26,31,27,41,34,48,47,54,59,58,50,56,27,25,22,46,75,39,18,21,46,51,60,40,60,55,59,50,60,32,42,56,64,19,68,19,34,n/a,n/a,n/a
9/2/2020,44,42,32,40,39,39,40,40,45,43,43,47,48,45,43,42,38,64,35,40,51,45,67,57,57,43,48,48,42,46,37,45,47,61,63,65,56,55,53,44,24,13,17,25,35,43,16,17,56,62,47,43,56,56,40,30,66,55,38,57,62,13,71,8,45,n/a,n/a,n/a
10/2/2020,45,42,42,41,41,43,44,47,44,42,44,45,46,45,55,42,37,60,35,39,34,48,41,35,54,54,46,38,45,37,33,44,45,52,54,45,37,31,33,32,27,18,17,22,31,37,15,14,47,63,36,35,35,35,31,19,54,42,23,48,40,7,54,12,44,n/a,n/a,n/a
11/2/2020,49,48,45,48,48,46,48,53,52,49,49,57,54,50,69,54,48,66,39,50,60,53,63,61,61,54,46,47,49,49,46,55,54,45,45,40,34,37,33,51,16,11,14,41,43,44,15,16,44,66,45,31,41,40,34,37,52,54,37,49,55,4,76,10,58,n/a,n/a,n/a
12/2/2020,36,32,34,35,38,36,36,44,40,34,34,49,41,36,45,34,34,48,29,36,60,37,73,51,46,32,47,39,37,39,34,47,40,36,41,45,39,43,38,49,11,11,13,48,59,50,11,9,38,74,49,28,49,40,39,49,50,39,37,45,57,6,59,9,35,n/a,n/a,n/a
13/2/2020,13,11,12,15,13,12,16,17,16,12,10,22,17,14,14,15,10,22,13,13,15,10,22,23,18,8,16,9,18,9,9,17,10,40,38,30,28,26,22,29,10,10,13,50,39,16,11,13,32,75,44,21,44,26,16,43,59,17,34,40,25,5,36,8,11,n/a,n/a,n/a
14/2/2020,12,10,10,12,13,12,13,19,16,11,10,22,16,13,15,8,11,24,13,13,17,10,24,20,18,7,14,8,18,8,8,14,10,32,33,30,26,26,24,26,13,10,n/a,37,26,14,11,14,34,77,42,19,35,25,13,34,51,16,32,35,18,6,29,10,11,n/a,n/a,n/a
15/2/2020,20,15,17,17,20,15,19,25,23,22,16,25,21,22,27,16,16,32,18,17,24,19,25,27,22,20,15,9,20,11,10,15,13,48,50,41,38,41,34,30,11,12,n/a,36,24,18,13,14,63,115,50,28,37,43,10,41,78,16,41,43,19,6,28,8,22,n/a,n/a,n/a
16/2/2020,16,11,14,13,12,14,15,19,16,13,11,23,16,15,22,10,10,25,16,16,27,14,32,22,27,13,14,9,19,7,8,17,10,76,81,56,53,49,51,35,12,14,16,61,36,12,13,14,79,123,57,48,69,86,16,73,92,16,47,59,n/a,9,43,11,18,n/a,n/a,n/a
17/2/2020,18,15,18,18,17,15,19,21,21,16,17,25,20,18,20,13,14,27,16,21,30,18,62,44,41,12,21,13,19,18,9,22,14,75,86,59,52,52,52,33,12,15,14,32,35,18,12,13,94,91,66,56,87,97,34,37,94,16,73,75,39,9,58,8,18,n/a,n/a,n/a
18/2/2020,32,32,31,31,32,30,32,36,39,36,32,40,41,34,41,32,32,50,29,32,35,35,45,43,43,39,35,22,26,24,29,38,31,75,78,59,60,60,62,33,15,9,14,33,31,27,14,14,54,78,61,54,68,77,27,31,59,32,49,70,39,7,41,9,35,n/a,n/a,n/a
19/2/2020,52,49,53,50,50,48,52,52,53,49,53,52,54,51,64,49,42,64,34,49,51,55,53,57,66,59,47,40,43,44,37,44,37,57,56,53,53,51,49,47,22,15,17,40,41,36,20,21,55,63,58,36,65,70,33,36,57,46,46,52,45,10,53,13,66,n/a,n/a,n/a
20/2/2020,58,54,59,53,57,54,56,79,59,59,55,64,64,58,92,51,55,77,51,64,70,66,64,61,79,91,60,63,61,59,49,57,60,54,56,60,56,56,60,46,25,19,19,41,50,52,19,21,60,84,58,39,80,71,43,42,65,72,43,65,70,12,73,15,84,n/a,n/a,n/a
21/2/2020,49,52,50,50,46,49,49,53,54,49,51,54,56,48,61,53,48,73,62,55,47,64,65,49,86,64,54,57,48,59,46,58,52,73,71,59,52,55,52,42,22,18,16,35,39,48,18,19,58,108,53,46,62,60,35,32,70,60,46,70,54,11,65,13,65,n/a,n/a,n/a
22/2/2020,50,51,53,52,52,50,54,52,58,50,56,57,58,50,63,53,45,68,56,57,36,61,48,34,66,67,48,50,41,49,42,50,53,54,56,48,41,42,41,38,23,15,19,27,28,38,18,19,52,137,41,45,45,49,28,n/a,57,53,39,50,43,n/a,42,13,59,n/a,n/a,n/a
23/2/2020,53,53,55,54,51,51,56,52,58,52,57,59,58,54,74,52,47,67,57,56,36,63,42,43,65,57,49,49,42,50,46,51,47,54,55,51,46,41,45,34,23,14,15,30,37,37,18,17,43,168,38,42,47,54,33,28,46,51,42,53,48,9,46,11,54,n/a,n/a,n/a
24/2/2020,62,64,66,62,67,67,63,71,70,62,63,68,69,57,75,60,64,81,75,63,70,64,57,78,78,47,75,82,86,81,55,68,62,56,56,58,53,56,59,48,21,15,16,34,40,58,20,18,45,124,51,45,66,58,44,38,54,96,47,57,71,9,71,11,70,n/a,n/a,n/a
25/2/2020,64,67,74,62,60,57,71,66,76,60,70,87,69,64,65,59,58,84,77,74,87,69,100,117,73,47,90,81,71,85,55,77,71,70,68,74,56,56,50,58,21,16,16,46,56,85,19,18,60,119,61,48,75,66,71,44,72,82,44,73,100,15,84,14,58,n/a,n/a,n/a
26/2/2020,43,42,48,45,41,42,49,52,49,41,48,59,46,43,45,36,38,55,44,49,59,50,96,75,53,31,46,36,31,36,33,52,43,72,69,78,64,58,55,58,18,17,15,45,61,52,18,16,63,153,63,50,83,75,66,48,78,41,52,82,70,13,82,12,38,n/a,n/a,n/a
27/2/2020,48,40,42,45,40,46,48,51,54,47,50,65,48,45,50,38,33,55,41,47,58,50,98,66,52,29,45,28,26,28,28,46,34,81,54,82,76,79,62,58,18,14,14,49,59,50,15,16,74,161,79,53,106,91,62,39,83,34,51,88,61,12,75,12,42,n/a,n/a,n/a
28/2/2020,28,26,28,28,26,27,31,32,35,24,27,46,30,29,27,22,21,39,35,36,51,n/a,73,52,27,15,39,27,25,30,26,34,39,96,59,76,74,73,64,54,17,15,13,39,51,37,17,15,69,126,75,59,111,95,44,34,87,31,57,93,52,13,62,11,22,n/a,n/a,n/a
29/2/2020,25,23,28,27,26,24,27,30,29,22,24,39,26,27,26,19,24,36,23,27,36,28,48,41,24,14,26,22,21,27,20,29,23,99,55,70,60,65,55,38,18,13,14,41,62,31,14,15,74,85,75,52,67,89,38,44,87,23,60,88,41,16,34,13,20,n/a,n/a,n/a
1/3/2020,26,23,23,25,24,25,27,29,27,23,23,37,27,26,28,22,22,36,24,28,31,25,40,33,32,18,27,21,22,19,17,23,20,73,42,58,50,46,49,43,23,20,16,59,60,29,19,15,65,104,70,50,57,63,32,62,92,24,54,68,37,18,41,12,23,86,80,n/a
2/3/2020,26,23,26,n/a,26,24,27,30,29,24,24,35,28,24,26,19,23,35,22,28,33,26,45,36,33,20,28,17,17,20,20,28,21,67,66,59,49,48,47,44,24,17,14,72,53,28,15,15,67,101,70,41,67,63,29,70,106,24,55,66,37,17,51,13,25,95,85,n/a
3/3/2020,19,16,20,n/a,19,17,20,28,22,18,17,33,23,18,22,14,18,30,19,20,29,17,40,31,29,13,21,12,19,13,14,18,15,61,57,50,43,42,39,41,16,13,14,65,39,23,19,14,53,97,64,32,55,60,22,48,101,17,52,50,31,10,39,8,18,61,71,n/a
4/3/2020,14,11,14,13,13,12,17,22,16,10,11,23,17,14,19,12,10,24,13,13,19,13,24,20,18,9,17,9,14,10,8,19,12,58,48,39,39,35,40,33,13,11,13,53,30,17,15,16,52,77,36,33,38,46,17,28,63,12,44,38,20,16,30,12,13,42,84,10
5/3/2020,15,13,15,16,16,15,17,25,20,12,14,28,17,14,19,9,14,27,14,16,22,14,33,23,17,9,18,10,16,10,11,23,13,46,40,36,31,31,32,26,12,10,13,23,38,18,17,15,43,66,26,28,34,37,18,17,65,17,n/a,40,23,13,25,11,12,10,34,9
6/3/2020,15,14,16,17,16,12,16,24,18,14,13,24,19,15,20,13,13,27,18,13,21,13,26,26,17,10,18,11,18,15,12,17,15,42,41,31,29,26,26,26,16,12,13,17,23,16,12,13,40,74,24,24,24,32,16,10,72,16,19,38,27,9,30,12,11,15,26,11
7/3/2020,15,13,16,16,16,15,17,25,20,13,16,26,17,15,17,10,14,29,18,22,31,16,38,26,21,9,17,11,14,12,13,n/a,14,44,41,32,30,30,27,28,18,10,17,28,29,17,12,12,62,95,31,24,29,41,14,20,143,16,26,35,23,7,27,12,14,23,26,11
8/3/2020,22,19,21,23,21,22,22,24,27,20,21,32,25,23,27,16,19,33,21,24,30,26,34,28,27,17,23,16,18,20,14,25,16,61,54,38,32,36,35,31,18,12,20,39,38,23,15,16,74,136,40,31,40,51,17,29,153,19,37,44,31,14,30,15,25,42,45,20
9/3/2020,31,32,37,36,35,34,35,41,44,35,38,44,38,37,45,32,28,45,28,34,49,41,60,48,39,30,25,21,21,20,21,41,26,64,50,49,42,42,39,51,21,14,32,49,52,27,23,21,73,105,53,34,51,69,22,47,181,27,54,52,37,22,49,22,40,34,45,31
10/3/2020,32,25,29,29,37,29,31,40,37,27,28,42,31,31,40,22,26,38,29,36,44,36,54,45,57,25,27,19,15,18,20,32,27,90,53,60,54,49,50,57,22,13,33,58,57,27,26,20,115,203,58,47,56,131,31,51,257,23,62,53,39,n/a,63,15,40,56,68,29
11/3/2020,32,29,33,32,37,33,35,42,40,31,32,44,34,33,46,24,31,46,36,35,45,34,54,43,61,32,31,26,24,32,30,42,32,70,57,52,52,52,46,46,25,18,29,55,53,32,22,14,105,223,69,36,71,112,25,50,n/a,32,52,59,34,14,58,16,49,38,54,32
12/3/2020,26,22,25,26,24,25,27,34,32,23,25,39,28,26,29,17,24,36,24,30,43,27,53,44,37,21,28,18,17,15,18,32,21,71,49,66,59,57,63,47,26,19,22,60,46,29,20,16,85,240,81,42,90,95,29,59,288,21,64,74,33,12,58,19,28,77,62,23
13/3/2020,21,19,19,22,22,20,21,26,26,18,19,33,22,20,24,14,17,31,19,23,31,21,34,32,32,14,23,16,16,20,17,33,18,120,113,86,79,80,79,51,20,21,13,58,41,26,15,12,134,258,104,57,109,182,26,66,329,20,88,77,31,13,54,13,19,102,68,16
14/3/2020,18,15,15,18,24,17,20,22,21,15,17,30,19,18,21,12,15,27,15,20,31,18,34,30,24,11,20,13,19,15,11,28,13,166,174,102,86,81,84,38,15,9,10,66,41,26,10,11,212,254,122,93,102,246,23,59,358,18,114,101,29,8,41,7,16,100,76,13
15/3/2020,23,20,22,20,26,18,21,23,26,20,22,33,24,22,20,18,18,35,25,19,19,21,n/a,24,23,20,23,17,17,17,15,25,19,132,160,88,63,71,63,30,10,7,11,40,44,n/a,12,14,251,249,91,83,74,185,21,n/a,353,18,102,108,28,8,24,7,n/a,32,46,18
16/3/2020,34,32,34,32,30,33,32,43,40,32,38,53,38,33,37,26,27,51,32,27,33,31,38,34,26,30,27,20,22,30,26,35,26,68,66,45,43,42,41,29,11,7,11,52,52,27,14,12,136,149,65,38,49,56,25,55,213,26,78,67,31,4,20,8,n/a,57,51,18
17/3/2020,20,16,19,22,13,18,23,32,23,19,19,32,23,19,24,17,17,30,19,25,28,20,43,30,26,15,23,16,20,18,17,29,18,74,68,49,45,44,45,33,20,19,15,62,50,24,22,17,66,119,56,42,48,52,28,47,93,23,61,60,38,9,35,14,18,65,58,16
18/3/2020,20,17,18,21,15,21,21,28,23,18,18,33,23,20,24,15,18,31,18,22,27,19,35,29,26,15,21,14,17,16,16,n/a,16,109,77,52,48,46,46,39,16,12,16,54,47,20,16,15,94,122,52,37,46,61,23,52,137,17,60,60,43,7,32,11,23,71,84,19
19/3/2020,21,17,18,22,16,18,21,31,25,18,19,34,25,19,20,16,19,32,20,23,26,20,31,30,24,13,20,13,20,16,16,15,19,174,116,65,57,56,55,30,22,13,16,44,43,n/a,18,15,129,151,65,54,50,102,20,48,232,17,75,72,29,9,33,14,18,50,73,16
20/3/2020,21,16,17,18,16,20,21,29,23,16,18,30,21,18,20,14,19,31,20,24,25,18,32,28,22,12,20,14,19,17,14,13,16,162,129,70,53,53,50,33,22,12,12,30,42,19,20,13,150,116,81,50,47,78,22,42,398,17,79,65,29,8,21,10,16,36,63,13
21/3/2020,22,16,19,21,15,19,22,32,24,19,19,31,22,20,23,16,19,30,19,19,27,20,37,32,24,15,21,14,17,14,16,12,19,110,69,55,43,45,45,32,20,15,13,32,32,20,15,14,91,62,64,44,50,64,22,31,224,16,60,57,31,17,32,12,17,38,55,16
22/3/2020,19,14,14,17,12,17,21,24,20,15,16,27,19,18,24,12,16,27,15,19,24,18,36,27,27,13,23,12,18,12,12,10,14,95,70,69,55,56,50,40,16,13,17,40,44,20,12,13,84,79,55,45,53,92,n/a,33,123,14,66,63,33,18,28,12,19,40,92,16
23/3/2020,17,15,14,17,14,14,20,22,21,13,15,28,18,18,19,11,14,27,16,19,24,17,36,27,27,11,20,11,19,12,12,10,15,101,93,61,59,59,52,43,18,13,15,38,47,18,16,13,101,106,73,47,70,118,19,33,130,16,92,55,25,17,54,12,20,33,95,18
24/3/2020,13,12,13,15,12,17,17,28,19,13,14,27,18,15,18,10,13,26,15,23,25,15,35,27,22,10,18,9,22,12,10,11,13,83,78,70,67,69,65,38,18,16,14,46,41,16,15,12,100,100,73,41,60,98,18,35,160,16,84,69,24,6,30,14,12,49,72,12
25/3/2020,22,14,15,18,12,19,20,26,21,15,15,26,21,16,19,13,16,27,18,21,22,14,30,26,20,11,20,12,18,14,n/a,11,15,105,88,73,67,67,64,31,20,13,12,50,30,19,17,11,109,134,74,45,56,91,18,31,196,17,81,71,26,10,26,11,15,36,57,11
26/3/2020,15,11,11,15,11,12,17,24,17,11,14,27,17,12,19,8,12,23,12,19,21,13,n/a,27,21,8,17,8,18,8,9,7,9,95,87,61,62,59,57,42,14,7,11,51,40,16,14,11,111,130,60,46,54,79,15,33,208,15,92,78,24,8,33,10,13,38,56,10
27/3/2020,15,13,13,15,10,16,18,22,19,11,14,25,17,15,14,8,12,23,13,17,27,15,n/a,31,24,8,18,11,13,8,9,7,11,102,94,61,57,53,54,41,13,7,13,59,35,16,14,11,132,113,66,49,62,95,15,54,205,15,103,69,23,7,37,9,18,62,50,12
28/3/2020,23,19,18,22,18,22,26,30,26,20,23,33,24,23,30,16,20,30,23,29,34,25,n/a,38,29,20,22,13,18,14,15,12,21,n/a,123,102,89,88,92,38,18,11,15,72,39,23,13,12,175,135,87,74,70,141,15,55,262,19,174,77,34,11,59,11,30,93,72,22
29/3/2020,22,16,19,20,15,20,23,24,23,19,19,28,21,20,23,13,17,28,20,25,34,21,n/a,36,32,15,19,8,16,10,10,8,13,n/a,117,110,107,95,99,57,19,19,17,61,46,20,15,13,182,99,110,62,114,137,17,75,237,13,174,74,31,15,71,15,29,104,69,27
30/3/2020,21,18,18,20,14,22,22,31,24,18,19,30,23,21,28,15,17,29,30,25,30,20,n/a,35,34,21,25,15,19,17,16,n/a,19,110,107,118,95,104,109,49,26,19,14,61,50,22,17,13,149,89,111,59,97,135,17,112,191,17,218,59,33,13,73,18,34,111,65,28
31/3/2020,28,25,25,28,22,28,30,34,32,26,24,36,29,28,28,23,25,37,28,27,36,26,n/a,40,32,24,23,17,18,18,20,8,24,n/a,86,114,87,92,102,49,26,19,15,70,49,33,15,11,119,94,110,48,104,117,23,101,182,23,262,58,40,17,78,16,30,139,53,28
1/4/2020,19,15,17,19,15,20,22,28,23,16,19,28,20,20,20,10,16,26,17,26,31,20,42,32,34,13,17,9,16,8,10,5,13,93,87,113,106,103,117,51,16,18,14,71,n/a,17,13,11,112,90,146,57,130,115,15,89,192,10,253,74,24,16,57,12,25,126,77,22
2/4/2020,16,13,15,16,12,19,20,21,21,14,15,26,19,17,18,11,12,25,15,25,27,18,40,31,26,11,15,8,16,9,8,n/a,12,101,n/a,104,92,84,86,40,21,18,14,43,37,15,10,11,124,109,121,56,98,108,13,68,176,13,247,65,24,9,54,11,18,52,44,16
3/4/2020,14,12,13,14,12,13,18,23,17,11,13,22,16,14,15,9,11,25,16,21,24,16,39,28,20,8,16,10,15,10,10,21,14,95,92,100,79,76,64,43,17,8,10,35,33,14,10,10,113,107,91,59,69,92,14,47,204,12,185,61,23,3,52,7,12,57,72,10
4/4/2020,16,12,13,14,13,18,19,27,20,13,14,25,17,15,22,10,13,25,15,21,26,14,33,27,42,10,16,10,17,10,11,18,11,127,123,84,63,65,63,42,15,10,11,40,35,15,12,11,181,154,92,65,57,92,20,49,206,12,177,71,24,5,97,9,29,34,89,17
5/4/2020,16,13,14,15,11,17,20,18,23,13,15,24,17,n/a,14,11,12,26,20,20,26,16,32,27,22,9,16,11,16,11,12,23,14,141,143,87,66,68,63,31,13,10,13,44,40,18,11,11,141,159,106,80,62,89,19,35,206,15,148,77,23,7,38,7,15,27,58,15
6/4/2020,15,13,17,14,13,13,19,22,17,12,12,24,17,n/a,18,11,13,27,16,15,18,13,28,24,24,11,18,12,17,9,11,21,14,125,125,92,78,73,67,41,11,11,13,40,33,16,12,11,138,103,65,67,56,94,16,24,175,13,130,52,23,3,41,9,15,29,49,15
7/4/2020,20,11,16,17,19,20,19,31,22,15,14,25,19,n/a,24,12,15,26,15,19,25,18,27,22,28,17,12,8,17,6,9,14,10,85,83,73,69,63,63,45,13,13,12,41,38,12,14,10,83,81,67,52,58,75,14,37,146,12,87,54,20,6,48,10,24,30,38,18
8/4/2020,16,11,15,14,15,16,17,27,17,13,13,24,18,15,19,10,12,25,13,21,23,14,35,22,24,13,13,6,20,6,7,15,10,94,90,64,58,62,53,39,19,15,17,41,34,12,17,n/a,100,106,48,59,48,85,14,27,154,11,75,59,18,6,41,11,16,25,42,17
9/4/2020,16,14,16,15,16,13,21,27,19,14,14,26,19,18,19,12,15,28,20,24,20,16,31,23,28,12,16,14,18,13,14,16,18,78,81,58,45,52,46,27,18,15,14,38,27,17,n/a,n/a,104,120,48,60,47,60,14,31,149,20,84,57,21,16,48,15,17,28,56,21
10/4/2020,17,15,18,18,20,17,21,25,21,15,15,28,20,17,20,13,15,28,22,26,25,n/a,38,23,23,12,20,13,20,14,14,18,17,65,67,48,39,37,37,28,21,14,12,41,31,17,n/a,n/a,65,83,42,49,41,48,18,29,113,16,77,61,26,10,32,15,14,39,61,14
11/4/2020,17,21,20,20,15,19,28,25,20,14,23,28,19,16,22,16,15,27,25,33,26,17,34,26,22,12,26,19,20,18,15,26,19,83,79,58,46,43,45,40,19,9,11,44,28,19,n/a,n/a,83,89,47,51,42,69,18,35,90,20,78,67,30,12,36,11,14,72,66,14
12/4/2020,17,15,16,17,13,16,20,19,17,14,15,26,20,17,19,12,13,27,20,22,27,13,35,27,20,12,20,14,18,12,11,20,12,91,87,71,64,66,61,31,18,8,13,45,31,18,n/a,n/a,79,88,67,59,53,82,17,42,84,15,100,63,27,11,54,13,14,52,42,12
13/4/2020,29,24,21,23,24,28,27,24,27,24,27,n/a,28,27,23,22,20,38,30,26,22,22,26,23,21,19,18,19,18,20,15,19,18,67,65,43,41,48,40,22,17,11,12,27,21,n/a,n/a,n/a,54,90,27,44,41,57,14,17,57,18,32,49,21,5,18,9,21,19,23,15
14/4/2020,37,35,29,32,25,30,38,32,39,34,44,n/a,38,34,30,28,27,53,41,30,29,23,37,34,30,28,28,26,19,26,21,20,28,42,35,29,33,32,31,29,18,11,12,35,36,28,n/a,n/a,27,78,32,27,32,32,27,34,25,29,26,54,31,9,22,12,23,42,44,22
15/4/2020,33,29,24,28,24,28,31,34,33,29,31,44,33,32,37,26,24,44,33,30,33,21,51,39,29,24,31,38,26,36,25,30,28,50,42,49,51,49,50,38,13,8,11,45,37,31,n/a,n/a,43,70,46,35,53,48,30,39,40,33,41,60,30,11,26,9,24,61,67,19
16/4/2020,15,14,15,15,13,17,20,22,19,13,14,28,19,18,n/a,13,11,26,18,19,25,12,30,28,20,11,26,17,16,17,15,20,15,50,43,47,46,45,47,35,10,6,11,52,33,23,n/a,n/a,44,36,58,30,57,51,17,40,47,19,44,40,30,8,46,9,16,70,92,12
17/4/2020,14,11,12,13,10,11,16,22,16,12,13,26,16,15,17,10,10,25,16,16,16,10,30,26,21,11,19,13,16,14,10,18,15,55,49,54,50,50,49,27,13,6,20,44,32,16,n/a,n/a,56,50,65,36,44,53,15,25,58,16,48,41,27,8,25,7,13,49,78,10
18/4/2020,11,11,12,13,10,13,16,16,15,9,13,27,15,10,14,10,8,25,13,14,15,12,22,18,14,7,16,9,17,10,9,14,11,55,56,38,33,34,32,22,10,8,14,36,29,13,n/a,n/a,53,n/a,44,38,29,39,17,21,60,12,49,42,26,7,15,9,8,41,42,8
19/4/2020,14,9,11,11,10,14,14,16,13,11,12,23,15,14,14,8,8,23,13,14,16,8,23,19,17,8,19,11,19,12,9,21,10,60,57,51,49,49,50,17,16,8,14,42,25,14,n/a,n/a,50,65,65,38,45,48,14,38,57,14,59,46,22,6,17,10,11,65,131,8
20/4/2020,13,11,13,13,11,15,16,n/a,15,12,13,25,17,15,14,11,10,23,15,19,22,10,29,19,18,9,19,12,20,11,9,20,12,62,58,51,47,47,44,19,14,9,13,31,25,14,n/a,n/a,52,65,60,41,37,61,15,34,51,15,62,56,28,8,20,10,14,60,106,9
21/4/2020,13,9,11,13,12,12,15,24,15,10,12,21,16,14,16,10,9,23,14,17,17,9,24,23,18,8,20,10,17,12,11,17,10,67,64,63,44,46,48,24,15,9,12,36,30,17,n/a,n/a,53,69,60,42,39,62,15,29,65,13,62,48,24,10,25,10,11,62,91,11
22/4/2020,19,14,16,17,14,15,20,20,20,15,18,27,19,19,24,13,15,28,16,19,25,15,33,27,27,14,19,11,20,10,12,18,14,58,58,55,49,49,50,33,14,7,11,38,28,19,n/a,n/a,53,57,63,42,50,52,15,30,72,15,71,35,23,9,42,9,23,28,57,18
23/4/2020,19,16,18,18,16,20,20,20,20,16,18,26,20,18,17,15,17,31,19,22,21,16,35,26,23,11,20,12,18,14,12,21,17,49,46,56,40,41,41,28,11,9,10,26,26,15,n/a,n/a,46,54,41,37,39,44,18,25,63,16,47,49,22,4,26,9,17,26,36,13
24/4/2020,20,19,20,18,18,18,23,24,23,16,20,31,19,21,n/a,14,15,33,21,28,21,20,29,25,15,12,17,14,17,13,14,19,15,45,39,33,26,30,30,20,10,8,17,24,29,20,n/a,n/a,34,53,27,28,27,33,15,21,39,16,21,37,19,6,19,7,15,13,24,10
25/4/2020,24,22,22,20,16,23,25,26,25,22,27,34,24,23,22,19,20,35,23,24,24,20,24,28,20,23,21,17,19,15,13,21,22,40,30,23,17,21,21,15,9,7,11,17,18,18,n/a,n/a,13,59,13,24,19,22,17,9,17,18,9,n/a,25,5,13,9,18,11,12,12
26/4/2020,32,29,27,27,24,25,33,32,31,30,33,39,34,29,30,27,27,46,25,27,23,22,33,29,31,31,32,24,24,26,23,21,25,22,15,15,13,13,15,17,11,8,9,22,20,27,n/a,n/a,13,37,12,16,12,14,19,14,12,29,9,20,30,6,20,7,25,18,13,23
27/4/2020,38,37,31,34,31,32,37,44,36,35,37,45,40,35,39,31,32,53,23,35,28,30,27,26,39,43,27,22,18,21,21,25,22,15,9,7,7,6,8,15,8,5,6,21,21,26,n/a,n/a,9,9,7,10,9,9,17,19,8,21,5,18,27,4,23,6,36,18,24,29
28/4/2020,31,29,26,28,23,28,31,37,33,28,30,40,33,29,31,27,26,46,24,24,22,21,28,n/a,31,35,25,23,24,28,20,22,20,14,8,11,8,8,13,18,5,4,6,28,24,17,n/a,n/a,9,9,10,9,12,13,18,18,10,29,10,13,22,3,23,5,26,28,37,21
29/4/2020,36,30,27,31,27,32,35,35,36,31,36,50,35,34,39,26,27,46,26,34,41,27,52,n/a,35,31,34,27,20,32,25,28,28,16,9,10,13,11,15,32,12,6,10,38,34,30,n/a,n/a,14,8,18,12,18,14,30,34,16,31,16,19,40,n/a,31,7,33,49,48,23
30/4/2020,25,23,24,24,20,23,29,27,27,21,29,41,27,26,29,19,19,37,22,24,29,18,37,29,24,19,26,20,17,20,15,21,22,19,14,17,17,14,20,26,11,7,7,41,39,24,n/a,n/a,14,12,27,14,25,19,21,37,13,27,24,15,31,n/a,26,8,19,51,51,14
1/5/2020,18,15,17,16,13,17,23,24,19,15,16,31,19,20,23,13,13,26,16,21,29,13,34,27,22,12,23,18,19,19,10,25,14,21,16,20,20,15,21,23,11,7,10,49,36,21,n/a,n/a,9,14,29,16,32,16,20,33,7,22,21,24,27,3,22,6,18,63,76,14
2/5/2020,16,11,14,14,12,12,19,23,17,14,14,26,16,17,20,10,11,24,14,21,22,11,29,26,19,14,18,11,15,11,9,16,10,18,11,16,16,11,17,21,12,7,14,42,30,16,n/a,n/a,9,11,22,10,18,10,16,23,8,13,9,25,21,5,19,8,16,28,80,12
3/5/2020,14,10,13,13,11,13,16,21,14,11,12,24,16,15,19,11,10,25,13,16,17,12,31,22,22,12,16,9,14,11,9,15,9,15,9,19,16,n/a,20,27,14,n/a,16,41,26,13,n/a,n/a,7,18,21,12,29,11,13,23,8,13,11,17,20,7,17,8,16,36,71,14
4/5/2020,17,15,16,17,13,16,20,26,19,16,16,28,18,17,23,14,14,27,16,20,21,13,34,22,24,13,15,11,15,11,12,15,15,21,13,20,23,15,23,25,17,6,14,32,23,15,n/a,n/a,10,20,23,16,35,15,15,27,12,14,n/a,25,21,9,17,9,17,44,48,14
5/5/2020,20,17,17,19,18,16,21,30,23,19,19,29,23,23,31,18,16,32,16,21,n/a,15,41,31,22,19,17,13,17,14,14,19,16,23,17,27,27,24,28,30,19,8,23,36,32,19,n/a,n/a,18,24,30,19,36,30,15,23,21,17,23,26,25,9,15,8,22,58,54,17
6/5/2020,16,14,15,16,14,15,18,25,18,14,14,25,19,17,18,11,12,27,15,21,n/a,13,28,24,21,13,17,9,14,7,8,15,11,33,26,27,35,31,37,25,17,6,18,34,30,16,n/a,n/a,23,24,32,25,40,35,16,29,27,10,22,21,23,9,22,6,16,51,64,15
7/5/2020,13,10,13,13,15,15,17,24,15,10,n/a,23,14,15,19,8,8,23,14,15,17,9,n/a,19,21,10,14,7,15,6,9,19,11,35,28,27,32,30,31,17,14,8,21,30,26,12,n/a,n/a,26,27,32,27,34,34,12,31,29,16,n/a,23,18,9,13,9,12,44,60,11
8/5/2020,13,9,11,11,10,13,15,22,14,8,n/a,22,12,13,17,7,10,22,12,19,17,10,30,23,18,13,12,7,21,7,7,10,10,28,19,18,20,19,22,17,11,8,20,21,19,15,n/a,n/a,24,25,30,16,24,23,11,22,32,11,n/a,16,18,9,13,8,14,25,49,12
9/5/2020,10,6,11,8,10,8,11,15,10,6,6,17,11,7,12,6,6,20,12,13,12,6,19,15,19,5,12,5,17,5,5,13,8,31,25,24,28,24,28,16,13,8,21,27,20,9,n/a,n/a,21,20,23,20,29,25,8,22,19,9,16,n/a,15,9,12,7,13,22,56,8
10/5/2020,8,6,10,8,8,9,10,15,10,6,6,15,10,9,10,6,5,17,10,10,12,5,14,14,11,4,12,5,19,5,5,10,8,26,20,20,18,16,21,15,13,9,17,27,25,11,n/a,n/a,16,22,15,18,19,21,9,18,26,7,12,19,17,14,14,8,5,32,62,5
11/5/2020,14,10,14,11,n/a,11,16,19,14,10,11,20,14,12,10,10,10,24,15,13,9,9,17,14,17,8,13,5,22,5,6,11,10,21,10,13,14,13,15,15,17,7,16,25,16,9,n/a,n/a,13,9,15,11,17,16,7,14,19,12,12,22,17,8,13,6,15,13,42,11
12/5/2020,25,19,18,18,13,18,24,31,25,20,20,33,25,19,22,20,16,37,17,20,18,14,24,17,17,27,18,15,22,15,10,19,12,19,12,14,15,12,16,19,11,6,15,24,22,13,n/a,n/a,13,13,19,14,21,13,10,14,16,19,10,23,20,7,18,8,20,24,35,13
13/5/2020,14,10,14,15,13,13,18,25,16,10,13,24,15,15,19,8,12,22,14,19,18,10,30,22,n/a,9,20,15,26,14,13,23,11,25,19,24,21,16,21,22,13,6,17,26,23,17,n/a,n/a,16,16,29,17,27,18,13,17,21,18,14,25,29,8,15,8,14,31,60,9
14/5/2020,13,11,19,14,12,13,18,22,15,10,16,24,14,14,16,9,11,22,16,21,16,12,24,19,16,7,22,11,20,11,10,n/a,15,22,16,23,20,16,22,19,11,8,18,31,25,13,n/a,n/a,13,13,21,15,22,17,12,27,17,14,15,20,22,7,20,10,14,27,69,10
15/5/2020,11,9,15,11,13,13,15,21,14,9,12,24,12,13,14,10,8,21,12,18,18,11,27,20,15,7,20,11,23,13,7,n/a,12,25,16,17,20,17,21,22,15,8,18,27,24,15,n/a,n/a,25,18,28,16,22,23,14,28,25,13,23,19,24,9,16,10,11,35,66,8
16/5/2020,13,11,13,13,14,13,15,23,15,10,11,26,13,11,15,9,10,22,13,19,18,10,23,19,15,9,18,9,19,9,8,15,10,24,20,20,26,21,23,18,13,12,16,29,24,16,n/a,n/a,33,20,25,18,28,32,12,19,33,14,24,14,22,7,20,7,12,26,46,9
17/5/2020,13,10,12,11,14,14,14,21,14,11,12,22,13,14,16,11,11,24,13,19,18,11,22,19,19,10,17,8,22,8,6,13,9,33,28,23,27,24,24,19,14,10,17,34,20,13,n/a,n/a,41,23,26,23,25,27,10,20,39,9,27,15,17,5,10,7,16,21,34,11
18/5/2020,13,10,13,13,16,13,13,22,16,11,11,26,15,13,15,11,10,24,14,17,17,9,23,15,15,12,13,7,20,8,7,13,9,30,25,18,23,20,20,14,11,11,15,22,19,13,n/a,n/a,24,20,27,19,18,24,9,18,21,12,26,14,20,4,13,6,14,11,27,12
19/5/2020,11,9,12,11,10,9,12,23,12,9,8,20,14,12,16,8,8,23,12,14,14,8,21,15,12,8,8,9,19,10,6,11,11,21,11,11,11,8,12,12,16,12,14,19,15,9,n/a,n/a,19,12,15,12,12,12,7,13,27,10,16,9,22,6,7,13,8,12,22,7
20/5/2020,16,10,13,13,11,14,14,23,15,12,10,22,14,14,18,11,11,23,14,13,12,9,17,14,11,11,12,7,22,10,9,n/a,9,20,11,11,10,11,13,17,14,14,17,22,17,10,n/a,n/a,20,8,18,11,13,13,8,12,18,11,14,12,14,10,15,14,10,13,13,8
21/5/2020,17,13,16,15,15,12,16,26,18,14,13,25,15,18,22,13,13,25,15,20,18,14,22,19,19,12,21,11,21,10,12,24,13,23,16,15,14,9,16,14,16,22,19,22,22,13,n/a,n/a,12,13,18,14,14,12,10,19,15,20,15,15,17,6,14,14,12,16,13,11
22/5/2020,25,22,23,22,22,24,23,34,24,21,21,32,24,23,25,22,21,34,23,21,22,17,33,27,20,21,23,15,24,16,17,29,19,35,27,26,26,21,26,26,15,19,20,27,25,18,n/a,n/a,25,19,25,22,24,22,14,24,25,20,19,23,24,9,19,12,19,29,20,17
23/5/2020,26,23,28,23,26,19,26,35,25,23,22,37,26,21,31,24,23,34,19,n/a,27,19,34,28,18,21,21,16,24,20,17,30,24,44,38,39,33,28,36,25,15,23,19,30,27,17,16,n/a,37,32,38,28,40,34,13,27,39,23,28,29,23,6,27,9,18,34,18,16
24/5/2020,25,21,27,26,24,28,24,28,23,20,22,33,23,23,24,20,21,33,19,26,20,20,23,21,22,19,15,16,25,22,15,20,18,46,39,36,36,32,37,25,20,20,21,20,19,13,13,15,37,35,37,29,29,36,10,20,46,17,32,31,16,5,28,11,20,15,9,17
25/5/2020,22,20,23,23,23,16,n/a,34,23,20,22,36,22,n/a,27,19,20,33,19,19,16,16,19,18,19,21,16,16,18,20,16,21,20,44,38,33,32,32,33,18,n/a,15,16,18,17,9,16,12,37,27,37,27,28,32,7,21,45,n/a,35,28,14,8,19,8,18,13,8,15
26/5/2020,24,17,21,20,21,19,22,36,25,21,23,35,21,n/a,29,18,18,27,14,17,14,16,20,20,16,19,13,13,21,8,12,22,17,38,27,25,27,26,27,14,n/a,14,21,20,18,12,23,16,32,22,32,22,20,31,7,22,38,14,35,17,15,4,9,9,16,18,6,11
27/5/2020,12,9,16,13,13,13,15,19,14,9,12,22,11,n/a,15,6,8,21,12,15,10,9,18,15,10,7,14,8,18,11,8,23,9,29,21,15,16,17,16,14,n/a,12,18,17,14,10,23,15,27,13,22,14,15,21,7,20,30,11,28,12,16,4,10,9,8,19,8,5
28/5/2020,13,8,12,9,9,9,12,16,13,9,9,21,11,11,12,9,7,23,13,10,10,7,12,12,10,12,12,7,17,8,4,24,8,20,11,7,8,10,9,9,7,13,19,17,16,9,22,16,18,7,13,9,10,14,6,12,15,10,21,7,15,4,5,6,7,10,7,6
29/5/2020,12,13,16,15,16,13,15,23,16,10,14,26,17,13,15,13,11,28,16,13,8,7,19,12,10,10,10,7,21,7,5,14,7,15,10,7,8,5,n/a,9,9,13,21,14,13,8,15,16,14,5,11,11,8,9,7,7,17,8,8,6,12,4,9,6,7,6,8,7
30/5/2020,11,8,12,10,13,9,12,12,11,9,9,22,10,10,11,7,9,24,11,15,8,7,13,9,7,9,6,7,20,6,5,11,6,14,6,6,9,n/a,7,9,10,14,17,13,11,5,13,15,8,6,12,7,10,9,4,8,n/a,9,7,6,9,6,6,7,8,8,7,4
31/5/2020,12,11,11,9,10,9,11,19,15,9,9,n/a,12,10,15,9,7,23,12,8,10,6,12,12,6,n/a,11,6,18,4,6,17,7,15,9,8,12,n/a,11,11,6,14,20,17,12,7,44,14,7,7,9,8,12,9,5,9,n/a,9,6,10,13,5,10,7,5,6,11,5
1/6/2020,14,9,13,10,14,8,14,22,16,11,10,n/a,13,11,16,8,9,21,11,12,8,8,21,13,11,8,13,6,32,5,6,21,8,18,15,12,12,7,11,9,9,15,19,18,14,10,9,14,11,7,11,11,13,11,6,10,n/a,13,9,10,14,7,8,9,7,10,8,6
2/6/2020,11,6,11,9,10,8,12,21,12,8,8,19,11,11,18,6,7,20,11,9,11,8,14,12,10,11,15,9,35,7,6,12,9,18,13,11,14,9,11,11,9,14,16,16,14,8,10,15,12,7,13,11,9,11,7,8,11,12,8,7,13,7,9,10,6,9,4,6
3/6/2020,11,8,12,9,13,9,12,16,13,10,9,22,12,11,11,8,8,22,13,13,5,7,11,8,8,10,13,8,31,9,6,16,8,19,14,13,15,9,13,11,11,14,19,14,13,5,11,16,15,8,15,12,14,12,5,10,14,10,12,9,8,6,6,14,9,10,6,7
4/6/2020,11,9,16,12,14,12,15,18,15,9,12,21,13,10,17,9,8,21,13,15,7,12,13,9,8,8,11,5,20,5,4,13,8,19,11,10,12,8,11,12,n/a,11,23,14,13,5,12,15,12,9,14,11,13,11,6,12,14,8,11,12,13,3,6,10,6,10,7,5
5/6/2020,11,7,15,10,12,12,14,24,13,8,12,21,10,11,14,6,5,18,11,16,7,9,12,9,8,9,7,6,6,4,4,12,8,16,9,10,13,9,12,14,n/a,11,14,15,10,5,11,13,13,8,15,11,13,10,6,14,13,11,8,12,11,4,10,4,7,15,7,5
6/6/2020,7,5,14,9,11,7,12,17,11,5,8,21,9,7,18,5,5,18,11,12,8,9,n/a,9,8,n/a,7,6,5,4,5,13,8,16,9,9,13,10,11,11,15,12,13,13,9,5,16,15,16,6,13,12,12,12,6,12,15,8,11,9,9,7,6,6,5,11,5,4
7/6/2020,6,5,10,4,10,8,10,11,8,5,4,18,8,9,14,5,4,18,10,17,n/a,6,14,10,7,n/a,9,7,5,7,4,13,8,12,7,5,10,6,6,10,12,11,18,12,10,6,11,16,9,3,10,8,7,8,4,8,12,7,9,7,9,10,8,8,4,7,6,6
8/6/2020,8,4,10,9,11,9,11,19,11,10,6,19,10,8,15,6,8,18,11,15,6,6,14,8,7,13,n/a,7,6,5,5,11,8,12,5,8,10,4,5,8,17,12,14,13,10,5,11,17,8,4,9,6,8,6,5,9,6,9,9,6,11,7,6,6,4,6,9,5
9/6/2020,10,7,13,9,12,10,12,19,11,11,8,18,12,8,13,6,9,21,12,11,5,7,15,9,8,5,n/a,7,7,7,5,12,9,11,5,6,9,5,5,9,10,12,19,12,10,5,18,18,11,4,10,6,8,8,4,10,n/a,9,6,7,9,10,11,9,6,13,9,9
10/6/2020,10,7,11,7,9,11,11,22,10,11,7,18,9,9,17,6,5,18,11,14,12,8,18,12,9,8,11,6,6,9,5,17,7,12,5,6,10,7,8,9,9,15,25,13,13,8,8,17,11,4,9,6,9,9,8,12,n/a,9,9,6,13,11,6,16,9,13,10,17
11/6/2020,15,9,14,10,13,10,13,22,14,17,11,22,13,14,21,6,9,23,11,11,12,10,20,10,10,12,11,7,7,8,8,17,10,13,5,5,9,6,6,8,18,22,23,15,12,9,13,18,11,4,12,5,9,7,7,11,n/a,9,n/a,9,14,11,8,20,7,19,n/a,13
12/6/2020,12,10,12,8,10,9,11,21,12,12,8,18,11,9,15,7,7,22,13,8,8,7,15,14,8,8,18,5,6,8,6,18,10,14,9,6,12,5,8,10,14,14,18,17,15,12,11,15,13,5,12,5,10,8,7,10,n/a,8,9,9,18,5,8,10,7,11,12,7
13/6/2020,11,9,12,8,10,9,12,20,12,13,8,19,11,8,15,9,8,23,12,9,8,7,21,14,8,10,17,6,9,8,6,16,7,12,8,6,11,5,10,9,12,13,20,14,14,13,8,13,10,5,10,4,9,10,8,9,n/a,10,6,12,16,4,7,7,7,10,13,7
14/6/2020,12,9,13,10,10,12,13,18,14,14,9,21,12,10,13,10,9,23,12,11,14,9,n/a,16,9,10,19,8,8,7,8,16,8,14,7,7,9,4,9,10,8,13,19,12,18,10,11,16,11,5,9,5,6,7,n/a,7,n/a,11,8,13,15,8,11,7,8,6,7,10
15/6/2020,11,6,9,9,12,8,11,19,13,11,7,17,11,8,12,5,7,20,11,9,6,6,n/a,9,13,6,10,6,5,7,6,11,6,14,9,7,8,4,8,7,10,13,20,11,9,8,14,20,6,4,8,6,5,6,n/a,6,n/a,9,5,8,11,12,8,10,8,5,5,6
16/6/2020,11,8,9,9,9,11,11,21,11,13,8,20,10,11,19,7,6,19,10,12,10,9,n/a,10,10,8,13,5,5,6,5,12,7,12,6,7,4,4,8,11,14,14,21,12,12,7,10,16,5,4,5,4,5,5,n/a,7,n/a,8,4,6,11,8,7,11,8,7,4,4
17/6/2020,12,8,13,11,12,11,13,23,14,13,8,24,13,10,19,8,9,21,14,15,7,8,n/a,8,7,7,7,6,5,7,5,13,7,12,6,6,4,4,7,14,11,13,18,12,9,4,11,16,6,4,7,3,6,6,n/a,8,n/a,9,6,7,7,7,6,10,5,5,5,4
18/6/2020,15,12,17,12,15,13,16,24,18,17,13,24,16,12,21,14,13,24,14,16,10,9,n/a,13,8,9,10,6,4,7,7,16,7,13,5,5,4,4,8,15,10,12,12,10,13,n/a,8,13,6,3,5,n/a,5,6,n/a,6,n/a,12,4,5,15,5,7,7,9,4,5,5
19/6/2020,14,10,13,12,17,10,14,22,16,16,10,25,14,12,18,9,11,22,12,13,10,7,23,12,12,7,11,9,7,11,12,18,9,13,6,6,3,5,9,17,9,12,17,14,15,10,9,14,7,4,6,n/a,6,7,n/a,8,n/a,13,3,7,n/a,4,8,7,7,6,8,6
20/6/2020,13,10,14,10,12,11,13,19,15,15,10,22,14,8,19,9,9,24,14,10,10,6,24,12,9,11,14,7,6,8,23,18,9,12,5,10,6,5,11,18,13,15,17,15,16,9,7,13,8,6,9,n/a,9,6,n/a,8,11,36,5,9,13,5,10,11,6,10,11,8
21/6/2020,12,10,13,11,12,11,13,16,14,14,11,21,12,9,13,9,8,24,14,n/a,9,7,18,14,12,8,14,9,8,10,n/a,18,12,13,7,7,8,6,10,15,13,15,18,18,17,12,7,14,9,6,9,11,8,6,n/a,10,13,n/a,7,8,12,7,9,12,8,15,10,9
22/6/2020,15,11,15,14,16,12,15,22,17,17,13,21,16,12,15,13,12,26,15,10,12,8,n/a,14,18,10,12,7,8,11,n/a,18,11,13,7,8,7,6,10,20,12,13,22,20,14,11,9,16,n/a,5,11,12,10,9,n/a,10,10,8,7,8,11,7,7,14,7,16,10,10
23/6/2020,15,11,14,14,15,13,14,20,18,18,12,21,15,13,17,10,12,24,14,13,10,10,21,10,14,10,11,5,6,7,6,14,10,13,6,8,6,7,10,16,16,12,21,15,15,9,8,16,9,6,11,12,10,8,5,11,15,10,5,7,11,7,8,13,7,13,9,8
24/6/2020,17,11,16,15,16,15,16,24,20,18,16,25,15,11,23,9,11,22,13,15,13,9,18,15,13,12,13,9,8,7,6,16,7,14,6,6,5,4,8,17,18,12,20,18,15,10,8,17,7,6,11,10,8,7,5,12,11,17,5,8,15,6,7,11,9,12,11,10
25/6/2020,10,10,14,13,12,11,14,20,15,15,13,21,14,10,18,11,9,23,12,10,9,7,15,14,16,12,13,6,6,6,7,19,7,13,6,8,9,4,7,16,15,15,17,22,15,10,8,15,6,5,7,13,6,6,6,12,15,8,5,7,13,5,7,8,7,11,10,9
26/6/2020,13,9,11,11,13,11,12,20,13,14,9,21,12,11,17,8,8,22,12,8,10,6,23,13,9,13,10,8,7,9,8,11,7,12,6,7,5,4,7,14,10,13,14,18,14,12,8,16,6,4,8,13,6,6,7,9,8,10,4,4,15,6,7,8,7,8,10,11
27/6/2020,11,12,14,12,13,10,13,23,13,13,10,21,13,9,16,10,12,25,13,8,n/a,6,15,n/a,8,11,12,11,9,10,10,12,9,12,4,4,5,3,8,16,14,16,17,16,15,9,11,17,6,3,7,9,8,4,6,10,7,10,5,3,11,9,6,9,6,11,11,6
28/6/2020,11,9,12,9,11,9,13,14,13,13,9,22,11,8,13,8,8,23,13,7,n/a,5,16,12,8,7,10,14,8,n/a,11,15,8,11,4,5,7,4,6,15,15,20,31,17,17,8,23,22,6,2,8,11,8,5,5,9,7,9,6,4,11,16,6,21,4,12,10,7
29/6/2020,11,8,11,11,11,9,11,21,13,12,8,17,13,9,14,8,8,21,11,7,6,5,11,10,8,8,10,5,6,6,8,11,7,13,6,7,7,5,8,14,20,20,31,18,13,11,20,21,7,2,9,11,10,7,5,11,12,13,7,5,7,15,8,18,6,11,7,7
30/6/2020,14,10,12,10,10,13,12,21,12,16,10,19,11,11,15,6,5,20,11,10,10,8,8,11,n/a,8,11,6,7,6,9,14,8,14,4,5,6,5,8,13,22,27,23,15,14,n/a,14,19,7,3,11,11,10,8,6,13,9,10,6,5,10,15,6,17,6,11,6,5
1/7/2020,11,9,11,9,13,12,11,20,13,13,9,23,11,10,16,6,8,20,10,6,6,7,7,12,n/a,12,11,7,7,6,10,16,6,13,4,4,6,5,8,11,19,23,28,12,12,7,14,17,8,3,9,11,6,6,8,8,12,10,7,4,12,13,7,18,6,9,6,10
2/7/2020,11,9,13,10,9,9,13,23,12,14,8,14,12,11,20,7,9,23,13,10,8,6,6,13,10,13,11,7,6,5,8,16,8,12,6,6,4,5,8,11,17,20,29,12,12,8,11,16,6,3,7,15,6,5,5,10,10,9,4,4,10,7,7,16,7,7,5,9
3/7/2020,14,12,11,10,14,12,13,22,13,16,10,18,12,12,18,8,10,21,14,8,8,8,12,12,9,12,9,4,8,6,7,14,9,12,7,5,5,5,8,13,15,18,30,13,11,8,15,20,6,3,8,16,8,8,5,12,7,14,5,5,10,14,7,15,7,5,5,5
4/7/2020,16,14,n/a,13,16,13,16,22,16,19,14,23,17,13,21,13,15,26,15,14,8,10,12,14,11,17,14,12,15,15,14,19,11,12,5,6,4,4,8,12,24,16,32,13,13,8,15,21,5,2,8,15,7,6,5,7,7,15,4,6,12,12,9,17,12,4,7,12
5/7/2020,13,11,n/a,10,11,13,14,19,12,15,10,21,14,12,14,8,10,25,14,10,7,7,16,15,8,12,10,9,9,7,10,14,10,11,5,6,4,4,9,15,17,20,24,14,14,10,20,20,6,2,7,12,7,6,7,8,6,8,4,5,15,10,7,19,8,6,7,9
6/7/2020,12,9,14,9,13,12,13,19,12,12,9,22,11,9,12,9,8,n/a,14,8,9,6,15,12,8,9,11,11,9,9,10,19,9,12,7,7,5,5,10,13,16,16,18,16,13,14,21,18,5,3,9,18,6,6,7,10,7,10,3,8,12,8,7,6,6,7,10,8
7/7/2020,13,11,10,10,13,13,14,22,14,15,11,22,14,10,16,8,10,n/a,13,9,10,8,25,13,13,10,12,7,5,10,9,18,8,14,12,9,7,6,11,18,18,14,16,15,15,11,16,14,6,5,9,17,12,7,9,11,10,7,4,8,13,4,9,7,9,10,9,7
8/7/2020,12,7,9,10,12,14,13,21,12,12,9,22,11,8,15,6,7,21,12,16,10,9,22,12,12,7,11,6,4,7,8,14,7,12,6,7,10,6,14,18,14,14,15,17,13,11,8,12,7,6,10,14,10,9,6,10,9,8,9,8,11,4,8,5,7,9,9,6
9/7/2020,12,7,11,11,14,10,14,21,13,15,11,20,12,11,15,6,7,21,11,10,10,7,19,12,10,9,13,9,6,8,9,16,8,12,5,8,7,6,12,17,10,15,13,17,15,10,10,12,7,3,13,17,11,7,6,10,8,9,9,6,18,4,8,5,8,13,12,5
10/7/2020,14,11,10,10,11,12,13,22,13,14,n/a,23,13,12,16,10,11,25,13,9,9,5,17,16,9,12,17,8,4,6,8,16,8,15,9,5,5,5,8,13,11,12,13,16,15,15,10,14,7,4,10,20,9,6,5,14,9,13,8,8,14,3,7,7,6,10,10,7
11/7/2020,12,10,10,9,11,9,13,22,12,14,9,19,13,9,15,10,10,23,13,13,12,8,22,15,6,10,14,9,6,8,9,17,9,14,7,5,7,5,10,16,9,11,16,19,15,14,10,14,8,3,13,17,9,7,7,14,10,9,6,5,18,4,8,6,7,10,10,7
12/7/2020,14,8,10,10,11,13,12,20,13,15,9,21,12,10,15,7,6,21,13,10,13,7,19,17,11,8,13,9,6,6,8,19,8,15,7,7,7,5,10,16,8,11,13,22,17,13,7,13,7,4,12,14,9,8,8,12,10,9,8,5,12,2,5,4,6,19,9,6
13/7/2020,10,7,8,9,10,10,12,17,n/a,10,7,16,8,9,13,6,6,20,13,9,11,6,12,12,9,7,10,8,5,6,9,15,7,12,6,5,4,4,8,14,10,12,21,15,12,9,9,15,7,3,7,15,6,5,6,9,10,8,5,4,9,2,8,3,6,11,8,6
14/7/2020,12,11,14,10,10,13,13,22,n/a,15,10,21,15,10,15,10,9,23,12,8,6,6,15,10,9,9,10,6,4,7,7,15,8,11,5,4,6,4,8,12,12,12,15,16,12,11,10,17,8,3,7,15,7,6,5,10,10,11,6,4,10,2,7,6,9,9,9,5
15/7/2020,13,11,15,13,15,14,15,20,17,15,11,21,13,n/a,16,11,10,21,13,10,5,7,21,15,8,14,13,8,6,9,9,21,7,12,7,5,5,5,9,14,14,13,19,15,12,18,11,18,7,3,7,17,7,7,7,7,11,14,6,4,12,5,9,13,7,16,7,7
16/7/2020,13,12,13,10,13,12,13,22,16,14,10,21,14,n/a,16,10,10,24,14,8,6,5,18,11,7,11,17,12,9,8,6,15,8,13,5,6,5,4,8,12,17,13,23,14,14,10,14,18,10,2,10,16,9,8,7,10,11,12,6,5,14,8,7,13,7,10,9,7
17/7/2020,14,10,17,13,11,7,15,n/a,16,15,13,23,12,11,19,9,9,20,13,17,7,8,14,12,9,8,13,11,7,6,9,15,8,11,5,7,7,7,11,13,14,13,21,14,12,9,8,15,11,2,9,16,8,9,7,8,12,12,7,4,12,2,8,8,6,10,12,5
18/7/2020,16,13,16,13,15,13,16,20,20,16,18,22,15,11,16,12,10,25,14,10,12,9,24,15,11,15,15,11,7,9,10,21,11,13,5,7,7,5,10,12,14,12,18,17,17,12,9,12,6,3,11,17,8,7,6,10,8,18,8,6,16,2,8,7,9,14,13,6
19/7/2020,9,7,7,8,10,7,10,13,13,11,6,16,10,9,12,5,5,18,11,12,10,6,18,15,12,6,15,11,6,5,9,18,8,13,8,6,8,5,9,17,15,12,15,17,16,10,10,14,7,3,13,18,10,6,6,9,7,9,6,8,13,5,9,9,6,9,7,5
20/7/2020,19,11,15,14,15,12,15,23,21,21,14,22,16,18,20,10,11,22,14,17,15,14,22,16,13,15,16,10,8,11,12,16,10,14,n/a,7,6,4,9,18,10,12,17,15,16,12,13,18,8,4,9,20,12,7,7,11,11,15,6,8,12,3,6,10,10,7,9,9
21/7/2020,15,13,17,15,18,11,16,20,20,16,15,23,14,15,15,12,9,23,18,14,10,11,24,15,13,14,14,12,9,13,13,12,16,12,6,8,10,8,14,18,14,13,19,14,15,10,16,17,7,5,8,19,15,10,8,8,10,11,6,8,10,3,11,9,10,10,8,8
22/7/2020,18,14,17,16,16,16,16,23,24,19,18,24,17,16,20,13,12,24,17,16,12,12,20,16,12,19,13,n/a,13,16,12,18,20,14,6,6,8,4,10,15,15,13,19,16,14,13,12,13,9,4,11,19,9,9,7,9,12,16,6,7,16,5,7,6,10,7,11,7
23/7/2020,12,10,14,12,13,n/a,14,21,18,13,12,22,13,12,18,7,9,21,14,19,13,11,20,12,12,14,13,9,9,10,12,16,12,13,7,9,10,9,12,23,15,13,17,20,15,15,8,14,11,4,13,16,17,10,7,13,12,13,8,7,22,4,8,6,8,10,13,6
24/7/2020,14,10,11,11,15,11,13,22,20,17,12,22,17,13,22,10,10,22,13,11,14,n/a,23,15,11,11,14,8,8,10,10,15,7,16,9,15,16,12,21,19,12,12,15,22,17,10,9,13,13,5,16,18,15,16,8,15,13,10,11,7,16,3,7,7,11,16,10,8
25/7/2020,14,11,14,14,14,12,14,18,19,17,14,21,13,14,15,9,9,20,14,13,13,n/a,23,13,9,3,14,13,7,8,11,8,12,15,10,16,15,15,19,21,11,11,13,18,15,10,9,13,16,6,15,19,19,17,6,12,15,9,12,5,10,3,11,6,8,13,10,8
26/7/2020,15,8,9,11,12,11,12,19,18,15,11,21,13,11,15,8,8,20,12,16,10,9,18,13,7,7,10,10,4,5,8,9,7,21,15,16,17,12,18,21,9,14,14,16,14,7,9,12,13,5,13,20,16,18,5,11,16,8,12,6,14,3,6,8,8,13,10,6
27/7/2020,9,5,8,8,9,4,9,14,14,9,5,17,7,7,11,4,3,18,10,13,11,5,16,13,8,7,10,5,5,5,6,9,7,18,11,18,18,15,22,18,12,16,18,17,14,9,9,14,13,8,18,20,21,16,9,14,14,8,12,4,12,3,9,13,7,22,9,4
28/7/2020,14,6,8,8,11,6,10,17,15,13,8,17,10,10,10,6,7,20,11,n/a,8,6,11,12,8,7,12,6,5,5,5,12,8,12,6,6,8,7,12,16,13,16,25,17,14,9,9,15,9,3,15,12,9,8,6,13,10,7,9,5,10,3,5,16,7,14,6,7
29/7/2020,12,9,12,10,12,9,12,22,17,13,11,21,12,10,12,10,9,22,15,n/a,7,6,16,10,9,10,18,7,8,5,9,15,8,13,9,6,5,7,n/a,10,12,15,16,15,15,10,11,14,7,3,8,18,7,5,8,9,9,11,7,5,15,3,7,6,7,10,9,6
30/7/2020,11,9,12,8,9,9,10,22,16,13,6,18,11,8,15,9,8,21,13,6,8,5,16,12,6,11,10,7,8,6,7,15,8,13,10,6,4,4,7,11,13,12,16,12,11,9,12,17,8,3,7,17,6,6,7,6,7,11,7,4,13,5,4,9,4,10,7,5
31/7/2020,10,8,10,7,12,6,10,20,14,10,6,20,11,8,15,9,6,22,12,7,7,5,17,16,5,7,11,7,6,7,7,11,7,14,9,8,9,5,11,14,12,13,17,13,14,11,9,13,8,4,10,22,8,6,8,7,8,10,6,4,17,5,7,5,5,11,6,5
1/8/2020,11,10,9,8,8,5,10,20,14,11,6,18,10,7,13,6,7,22,12,6,7,4,9,13,5,10,9,7,5,5,6,15,7,15,9,8,8,5,10,11,7,12,14,14,14,8,10,13,10,4,8,23,11,6,6,7,11,8,n/a,4,13,4,5,5,4,7,6,5
2/8/2020,8,6,7,7,7,5,9,14,13,9,5,17,8,6,11,4,5,18,10,6,7,5,8,12,5,5,6,7,3,5,6,13,10,18,12,6,6,6,7,10,6,13,13,12,10,6,11,13,8,4,5,19,7,6,3,4,9,12,5,4,10,6,8,4,5,3,4,3
3/8/2020,8,6,8,9,9,4,9,18,13,8,4,13,8,6,12,7,5,17,11,5,6,4,8,10,6,5,7,7,7,6,6,9,11,13,5,3,5,4,7,7,8,13,20,12,8,5,17,19,4,3,5,13,5,4,4,6,7,7,4,4,n/a,5,6,14,4,6,4,4
4/8/2020,8,6,9,9,10,6,10,18,15,11,4,16,11,7,11,7,6,19,13,9,9,5,10,10,6,4,8,7,7,6,7,7,8,11,6,4,4,4,9,10,9,16,36,13,10,7,25,26,6,3,7,11,8,5,5,8,7,8,4,5,9,10,9,24,5,7,4,4
5/8/2020,11,9,9,11,10,7,11,22,18,13,9,20,13,9,16,11,9,18,17,9,7,n/a,8,9,6,8,8,6,4,9,8,11,7,11,5,6,9,5,8,9,12,18,31,12,10,7,21,22,6,3,8,15,8,6,5,8,8,13,6,5,11,12,5,23,4,7,7,4
6/8/2020,14,10,14,15,14,10,14,22,19,17,12,22,14,12,20,13,11,23,12,10,8,7,19,15,7,11,13,7,7,8,7,14,8,15,9,6,6,5,8,8,19,21,29,15,14,11,19,24,6,4,7,22,8,7,7,7,9,14,4,5,16,12,10,23,7,5,8,5
7/8/2020,17,12,n/a,16,13,12,15,22,20,19,13,22,16,14,25,11,11,25,16,11,11,8,19,15,10,12,12,8,8,7,10,11,8,17,9,5,9,6,9,12,14,20,29,15,16,9,16,20,7,3,9,22,8,7,7,9,10,15,6,3,12,9,9,18,8,8,5,7
8/8/2020,13,8,12,12,14,8,13,19,15,15,10,20,14,11,18,10,8,19,11,9,9,7,15,13,9,10,8,7,5,7,7,11,7,12,6,4,7,4,8,16,9,14,29,15,13,7,17,21,7,3,10,18,9,6,5,9,5,9,5,3,11,15,10,19,7,12,8,8
9/8/2020,9,4,10,12,10,5,10,15,12,10,5,19,9,8,16,11,6,19,9,14,10,7,12,10,10,5,11,5,6,5,6,10,5,13,6,5,8,7,10,8,7,12,17,14,12,8,21,21,7,3,12,17,12,8,6,8,9,10,9,4,10,14,5,9,4,9,5,5
10/8/2020,10,6,10,9,10,7,n/a,20,14,11,5,15,9,8,15,11,6,18,11,7,10,7,12,11,6,9,11,5,6,5,6,9,5,17,9,4,9,6,10,8,8,13,15,15,10,7,17,21,9,3,11,20,12,8,6,8,12,10,10,3,10,18,9,11,6,8,5,5
11/8/2020,11,8,10,11,10,6,n/a,20,15,11,6,19,13,10,14,19,8,19,12,11,11,7,18,16,9,6,9,7,7,8,7,10,5,15,9,5,6,4,9,8,11,14,15,14,14,11,15,22,9,3,9,19,7,6,6,7,10,8,8,5,13,14,6,10,6,7,8,4
12/8/2020,11,6,9,10,10,5,10,18,13,12,5,19,10,10,14,9,7,21,11,8,10,n/a,12,12,8,7,8,9,7,7,8,8,5,14,8,6,5,4,10,9,13,14,15,13,12,9,11,17,5,4,8,16,8,6,5,7,6,6,7,5,12,9,9,7,5,6,6,5
13/8/2020,13,10,12,12,13,7,13,21,18,15,10,18,12,13,16,12,10,20,n/a,11,9,n/a,11,11,9,7,11,8,7,7,7,10,8,15,10,5,5,3,9,7,6,14,11,13,10,8,10,17,7,5,9,16,7,6,7,6,8,7,5,6,9,4,5,6,7,7,5,6
14/8/2020,15,10,12,13,15,10,14,23,20,19,13,22,16,15,24,18,14,23,15,16,9,9,15,12,11,11,8,7,10,11,10,13,11,12,5,4,5,4,10,12,11,14,16,12,13,8,15,17,8,4,7,16,9,7,6,7,9,n/a,5,7,11,4,11,7,10,5,6,8
15/8/2020,17,13,16,15,16,11,17,19,21,20,16,23,16,14,19,19,15,23,15,21,12,n/a,20,17,10,9,12,14,12,12,12,14,13,15,10,5,5,5,11,12,16,19,22,14,12,8,18,21,n/a,5,7,16,9,6,6,10,8,13,4,6,12,8,8,11,10,6,9,7
16/8/2020,13,9,15,13,13,10,15,21,18,14,12,22,12,14,21,16,8,22,13,16,13,12,17,15,12,11,16,13,10,13,11,15,9,17,11,6,5,4,9,13,14,23,22,17,16,10,15,19,8,4,8,20,9,7,8,10,10,11,4,11,13,11,12,16,12,6,8,8
17/8/2020,16,13,18,15,16,12,18,20,22,19,15,22,17,13,22,14,14,23,17,13,14,11,21,20,13,14,15,11,11,11,13,18,11,18,12,9,9,7,13,15,17,18,22,19,16,13,14,20,10,7,12,22,12,12,10,14,14,19,6,10,15,10,11,18,12,10,10,13
18/8/2020,18,15,22,16,19,15,20,23,23,20,18,23,18,17,22,17,19,23,22,18,17,13,25,19,14,16,17,14,14,14,15,22,13,17,13,10,7,6,13,14,21,18,22,18,18,14,17,21,9,8,9,26,10,9,12,14,9,18,8,10,19,12,14,12,13,9,12,12
19/8/2020,17,14,16,15,16,12,18,23,20,20,16,23,18,15,23,17,15,23,17,22,16,14,25,22,12,15,20,14,14,13,14,23,13,19,16,8,7,9,12,13,20,15,22,15,19,16,13,18,7,8,9,23,11,8,12,12,10,17,7,8,24,11,12,10,12,9,9,13
20/8/2020,23,16,21,21,23,18,21,25,27,24,19,28,20,21,25,18,15,27,18,22,21,17,32,23,15,17,20,10,13,14,16,17,16,17,13,6,6,7,10,16,17,19,20,15,20,15,17,21,8,6,9,19,8,8,11,10,10,13,5,10,18,11,13,12,16,5,10,11
21/8/2020,15,14,n/a,13,14,13,15,25,21,18,14,24,15,14,20,15,14,25,17,16,20,11,26,25,10,17,17,12,13,12,13,19,12,16,10,5,3,4,8,12,17,15,22,15,20,15,18,18,7,4,5,17,5,5,13,6,9,15,3,7,17,13,8,13,10,5,11,9
22/8/2020,16,12,n/a,11,13,9,13,21,18,16,11,20,15,12,17,10,11,21,14,10,9,8,15,13,8,13,14,9,14,9,10,16,8,11,7,4,3,3,8,10,15,17,20,14,14,n/a,12,16,6,3,4,13,4,4,8,7,7,9,5,4,12,9,9,8,8,6,11,8
23/8/2020,13,9,12,9,12,9,13,18,17,16,12,19,13,12,15,9,11,20,11,11,7,7,11,12,8,13,12,6,8,7,9,9,8,11,4,5,4,3,7,9,13,16,n/a,13,10,7,16,18,5,3,5,12,5,4,7,7,7,8,5,6,10,10,6,10,7,5,9,7
24/8/2020,16,12,14,13,13,12,15,21,19,18,12,22,16,13,20,15,13,22,16,11,14,10,24,18,11,13,15,9,10,9,12,17,10,15,10,7,5,5,10,13,15,16,n/a,15,16,11,14,19,n/a,4,8,23,8,7,9,8,7,11,6,8,15,9,11,10,10,6,9,8
25/8/2020,15,12,11,13,15,11,15,21,20,18,14,20,16,14,19,14,11,23,17,18,20,11,32,25,12,13,17,10,10,12,15,23,14,21,14,8,5,7,14,15,17,17,n/a,16,22,18,19,20,9,6,10,26,11,9,14,10,10,13,9,9,19,6,10,10,10,9,17,10
26/8/2020,14,11,10,11,13,10,14,21,19,15,10,20,14,11,18,10,9,20,15,12,16,9,31,22,10,10,19,10,9,12,12,n/a,12,16,11,9,7,7,11,22,18,14,n/a,19,24,18,19,18,8,5,9,23,11,8,10,11,5,12,7,9,21,10,11,10,9,9,19,9
27/8/2020,12,10,9,11,10,8,14,22,18,14,12,20,11,11,17,10,8,23,16,13,14,12,19,21,8,11,20,8,8,8,10,n/a,9,13,8,7,5,6,11,14,11,15,n/a,16,21,16,20,21,7,5,7,22,8,7,13,9,8,10,8,9,21,11,9,11,7,8,13,8
28/8/2020,13,12,12,13,13,12,n/a,21,21,17,11,21,17,12,18,13,12,25,17,12,11,8,21,17,8,13,15,8,11,7,13,23,10,17,12,10,6,7,12,12,13,12,n/a,20,14,16,19,20,10,6,12,24,12,10,9,14,12,10,8,7,18,12,9,10,7,11,10,9
29/8/2020,17,13,11,15,15,12,n/a,21,20,17,14,22,15,14,22,11,13,21,n/a,16,12,11,22,15,8,11,14,15,13,10,12,22,10,16,8,6,7,6,11,16,13,14,n/a,23,16,12,17,20,11,6,13,20,11,10,8,16,9,11,9,9,19,15,10,7,8,12,11,9
30/8/2020,17,15,15,16,17,14,18,22,24,20,17,23,19,16,18,14,14,22,n/a,18,16,12,24,17,14,17,14,11,7,10,14,20,12,16,9,8,7,9,12,19,11,15,18,20,20,11,18,20,10,n/a,15,17,13,12,10,15,12,9,9,11,15,16,12,5,13,10,12,10
31/8/2020,19,10,11,12,14,8,15,20,18,15,11,19,13,13,14,9,8,21,n/a,15,15,11,23,16,15,12,13,9,9,7,12,23,13,20,12,12,12,12,18,20,11,13,24,24,16,12,20,20,16,6,17,22,21,16,8,15,12,11,11,14,16,11,14,10,13,16,11,9
1/9/2020,14,14,11,10,12,8,15,20,19,15,14,21,15,10,15,14,11,24,16,n/a,12,7,13,13,13,18,16,10,10,13,9,30,9,19,13,13,12,10,17,11,12,15,22,20,13,11,15,18,13,6,16,22,15,14,7,12,12,13,10,8,15,9,11,13,9,21,12,8
2/9/2020,23,20,22,17,21,13,23,29,27,23,19,34,22,17,21,19,17,33,21,n/a,14,12,23,20,9,14,16,13,12,10,15,32,16,21,17,13,12,9,16,11,13,20,n/a,21,16,18,15,19,18,9,16,27,15,13,10,13,19,9,12,5,20,11,9,17,11,25,12,8
3/9/2020,16,15,17,14,18,10,19,28,22,19,14,27,17,14,16,16,16,27,18,12,13,9,34,16,9,12,15,12,10,9,10,29,12,24,19,17,13,10,19,10,13,18,n/a,24,19,14,16,18,21,10,16,30,17,19,9,18,22,13,16,8,18,8,8,11,7,25,18,7
4/9/2020,15,12,12,13,15,12,14,21,19,16,13,20,15,13,22,12,8,20,15,14,19,11,30,21,9,9,14,11,9,8,12,24,11,26,21,17,12,11,21,16,12,12,21,23,18,10,15,17,22,11,13,28,16,16,11,17,24,10,11,8,18,5,7,6,10,19,12,5
5/9/2020,13,9,9,10,14,9,13,18,17,14,11,20,11,10,16,7,7,18,14,14,17,8,22,18,11,8,13,8,6,5,11,20,12,24,19,16,10,10,17,18,9,10,21,24,17,9,15,15,20,10,17,26,19,16,8,18,19,8,13,10,17,4,11,8,12,20,11,6
6/9/2020,10,7,7,9,11,5,10,17,15,12,8,18,11,9,12,6,6,18,11,9,8,5,14,10,8,7,14,7,7,9,9,19,7,18,15,11,10,10,17,12,10,11,20,14,15,10,11,14,16,5,15,19,15,12,7,15,12,9,12,6,14,5,7,6,8,19,9,6
7/9/2020,12,8,8,7,10,6,10,20,15,13,8,20,12,10,12,7,7,19,12,8,5,6,10,10,7,10,14,7,6,5,8,22,11,16,14,7,5,7,9,8,12,11,22,14,14,10,12,19,13,5,10,19,7,9,6,9,10,8,8,4,10,8,6,10,6,10,9,6
8/9/2020,14,8,11,11,12,8,14,23,18,15,10,20,11,11,20,10,7,21,14,12,7,8,15,11,8,13,13,7,5,6,10,21,10,17,11,9,6,5,10,7,8,11,22,14,14,10,16,18,6,5,6,19,12,6,5,7,10,8,n/a,4,12,7,6,12,6,5,11,6
9/9/2020,21,15,16,15,21,12,17,23,23,20,16,26,18,14,20,15,13,27,15,15,13,12,20,14,9,22,13,8,6,3,9,28,12,12,5,4,5,4,9,12,10,12,21,19,15,13,14,16,7,3,6,15,8,6,5,7,8,11,n/a,4,13,5,7,9,8,8,14,7
10/9/2020,n/a,10,13,14,16,11,18,26,19,17,14,25,15,13,20,10,10,19,13,17,18,9,22,18,8,12,15,9,6,5,12,24,10,14,7,5,7,4,9,12,8,11,22,21,18,14,13,15,6,4,8,18,11,7,6,7,10,9,6,6,15,4,7,6,9,7,9,5
11/9/2020,10,7,8,11,11,6,12,19,16,10,9,20,10,8,10,4,5,19,12,17,14,8,25,16,9,5,13,7,6,4,9,13,9,n/a,n/a,5,6,5,9,14,11,10,22,19,18,8,9,10,8,4,10,16,10,7,6,12,10,13,8,7,13,3,8,4,8,9,11,7
12/9/2020,12,5,8,10,12,6,11,19,15,11,8,21,10,10,13,6,6,19,11,13,11,10,22,14,8,11,11,7,6,5,10,14,8,n/a,7,7,7,5,13,13,9,11,22,18,19,8,9,13,9,4,11,17,12,11,5,10,8,10,8,6,11,3,7,5,9,9,11,5
13/9/2020,10,6,8,10,12,5,10,11,13,10,6,20,8,6,10,6,4,19,11,12,12,8,19,15,10,6,13,6,4,6,8,12,8,15,9,11,9,8,15,17,8,12,24,18,12,9,10,12,10,4,14,20,15,12,4,11,10,8,6,10,11,3,11,4,11,13,11,5
14/9/2020,9,8,10,12,12,8,14,18,17,11,8,20,11,10,11,7,6,20,12,12,14,7,26,18,10,5,11,6,7,7,9,14,10,19,13,15,12,10,18,21,9,13,19,18,14,9,14,17,13,5,10,20,14,14,8,9,12,12,7,7,14,5,9,7,7,14,11,5
15/9/2020,15,8,10,14,13,8,12,22,17,15,9,24,14,11,13,9,8,22,13,8,10,7,23,14,8,13,9,7,7,5,7,10,7,15,9,5,5,5,10,22,10,11,23,20,18,8,12,13,14,5,9,17,11,10,5,11,13,8,8,8,14,5,9,n/a,8,12,8,5
16/9/2020,13,11,14,12,12,6,14,17,14,13,11,21,12,11,10,12,9,22,16,11,12,10,23,13,8,9,10,6,6,6,12,12,13,15,8,7,7,6,12,17,6,11,23,19,16,9,14,17,12,4,12,18,16,9,4,13,14,11,9,8,17,6,7,n/a,6,n/a,9,5
17/9/2020,12,9,9,10,10,6,11,23,12,15,8,21,12,9,14,9,7,21,13,13,14,7,28,18,6,12,12,5,6,5,6,10,7,15,9,7,7,5,13,16,6,12,21,23,20,10,13,14,9,4,12,18,17,11,9,16,9,8,9,7,19,4,7,6,5,n/a,14,6
18/9/2020,16,10,10,14,12,8,16,22,14,17,11,22,13,12,16,8,10,22,14,12,18,11,21,19,4,9,11,5,5,6,7,16,4,12,7,10,8,7,16,17,5,11,22,16,19,11,11,12,7,5,12,21,13,10,7,8,8,7,8,11,13,3,5,5,7,7,4,5
19/9/2020,11,5,6,10,9,4,10,17,10,10,5,18,11,6,11,8,5,17,10,7,6,4,6,9,4,4,5,5,7,7,6,6,3,14,8,5,4,n/a,n/a,6,5,14,23,9,7,6,15,18,9,7,6,17,7,8,4,4,11,5,5,5,n/a,5,6,7,3,3,3,3
20/9/2020,10,6,6,11,11,3,10,14,8,10,5,19,10,7,8,4,5,20,11,14,6,5,8,8,6,4,7,7,7,5,6,6,3,9,4,3,4,n/a,10,9,7,14,23,10,8,5,18,17,4,3,4,10,5,5,4,5,5,5,5,5,n/a,8,8,5,4,3,4,3
21/9/2020,17,10,15,16,12,12,18,20,17,18,15,24,13,14,17,9,11,22,16,18,11,11,17,15,8,10,11,9,9,8,10,11,10,11,5,4,5,n/a,8,12,15,18,21,13,14,8,15,20,6,3,7,14,7,6,8,5,9,10,5,5,9,3,8,7,11,8,7,5
22/9/2020,21,17,15,14,19,13,21,25,24,25,18,27,26,18,15,19,15,29,19,14,12,14,21,17,14,20,13,13,14,14,14,20,11,14,8,7,6,6,12,12,13,15,23,13,15,12,15,16,8,4,8,20,8,8,9,5,9,12,6,8,10,5,10,5,15,8,8,10
23/9/2020,29,21,18,20,24,21,n/a,37,29,31,22,37,28,25,26,20,21,36,22,22,16,15,25,18,11,24,21,15,12,16,22,18,18,12,7,6,4,6,11,12,16,15,22,16,13,14,13,16,7,3,7,20,9,9,7,8,9,13,6,7,13,4,11,8,14,7,6,8
24/9/2020,14,11,9,11,10,5,n/a,24,14,14,9,25,14,8,15,11,10,26,14,9,9,6,19,13,6,11,10,8,7,7,9,n/a,8,11,5,4,4,4,6,15,8,14,22,14,13,7,11,13,5,5,7,14,8,8,4,6,9,9,5,5,11,5,6,5,5,7,7,5
25/9/2020,13,10,10,10,11,7,n/a,21,15,14,12,21,14,9,15,10,8,20,12,8,10,7,14,13,8,8,13,9,8,7,9,10,7,11,7,5,4,4,10,11,7,12,21,17,13,13,11,16,5,3,9,17,8,7,5,9,9,9,6,4,16,6,8,6,7,13,10,4
26/9/2020,11,8,7,7,12,7,n/a,20,13,13,n/a,18,14,8,15,12,9,21,14,9,12,7,18,17,7,9,14,6,6,8,8,16,7,12,6,5,5,4,9,10,9,10,22,15,13,15,11,13,7,2,8,17,7,6,7,5,9,9,5,6,18,4,7,5,6,11,10,6
27/9/2020,10,7,8,7,11,7,n/a,13,10,12,n/a,20,9,6,8,7,6,18,12,13,10,8,22,14,5,7,13,6,6,9,8,11,8,14,8,7,5,6,10,10,10,11,21,15,19,16,16,17,7,4,7,17,9,9,11,6,8,7,5,6,17,6,8,6,6,9,12,5
28/9/2020,15,11,9,11,14,8,n/a,21,16,15,n/a,21,14,12,16,11,9,20,15,9,6,8,15,13,5,13,11,6,8,5,7,10,6,16,11,10,7,n/a,14,8,7,13,22,13,12,7,15,17,6,6,11,17,9,6,7,5,9,9,7,7,9,8,5,5,5,11,7,4
29/9/2020,9,6,6,8,10,5,n/a,19,12,13,n/a,19,11,9,11,9,7,19,11,9,7,5,12,11,7,12,8,5,7,4,6,5,6,17,11,12,4,5,13,9,9,14,22,13,9,9,16,20,8,6,11,19,9,8,7,5,6,5,6,5,9,9,6,9,5,5,5,4
30/9/2020,15,14,10,10,13,8,14,22,18,18,11,22,17,10,18,14,13,23,12,7,8,6,11,11,7,16,11,5,6,7,7,8,5,14,8,5,5,5,n/a,9,13,12,22,12,12,9,18,17,6,4,9,16,6,7,5,4,8,10,6,4,15,10,6,12,6,9,5,5
1/10/2020,15,9,10,10,13,6,10,22,15,16,9,20,12,9,18,15,8,22,13,6,10,6,18,15,7,14,15,5,5,7,7,9,5,13,8,6,5,5,n/a,10,9,10,22,16,11,13,14,16,8,3,7,18,8,7,8,7,9,9,5,7,n/a,7,6,11,6,14,10,8
2/10/2020,15,12,7,10,14,8,11,21,15,15,11,23,15,10,19,13,10,23,14,10,12,6,23,12,6,14,13,9,11,9,11,15,9,12,7,10,6,4,n/a,12,7,12,21,16,15,12,11,14,9,4,10,17,9,9,7,8,8,11,5,6,n/a,3,7,4,6,8,13,7
3/10/2020,16,12,8,16,17,10,14,22,18,n/a,15,24,16,16,18,8,10,21,13,15,9,11,16,10,8,14,10,7,7,5,9,12,7,14,9,8,5,3,n/a,8,7,12,21,16,11,10,10,11,10,4,9,17,6,8,6,6,9,9,6,8,11,3,7,4,8,6,6,5
4/10/2020,13,7,7,12,12,7,11,15,14,n/a,12,20,11,9,11,5,7,19,12,14,7,7,16,13,9,8,10,8,8,7,8,8,7,13,8,8,4,5,n/a,13,9,15,23,16,12,8,11,12,8,4,8,18,8,7,4,8,8,9,5,5,10,4,6,6,8,9,8,8
5/10/2020,18,14,11,14,9,11,18,21,18,n/a,17,21,17,14,19,16,13,22,18,15,13,13,23,16,14,14,15,13,14,14,12,14,11,14,9,9,7,7,n/a,10,11,15,21,14,17,9,8,13,9,3,9,18,9,9,8,7,11,13,n/a,12,13,4,9,9,14,10,6,9
6/10/2020,20,18,13,17,21,13,20,25,23,n/a,22,25,22,17,21,16,14,21,21,16,14,13,26,17,9,17,16,13,16,14,13,19,15,13,9,7,5,4,10,14,8,16,25,15,15,11,10,n/a,7,5,8,20,9,7,8,9,7,11,6,12,14,6,8,9,9,10,9,8
7/10/2020,20,16,12,15,15,13,19,26,19,20,22,29,19,16,19,18,18,29,25,14,13,13,28,16,9,27,19,16,14,17,14,19,16,15,9,9,5,5,13,15,9,13,22,19,19,14,n/a,n/a,11,7,10,22,10,12,13,13,12,14,9,n/a,16,5,8,6,12,16,7,8
8/10/2020,14,10,8,11,13,9,15,14,17,15,16,19,12,10,13,10,8,21,16,9,9,8,13,13,7,17,13,9,10,9,9,11,8,16,11,13,9,8,17,10,8,14,22,16,13,8,n/a,n/a,11,8,16,23,13,13,5,13,11,8,11,n/a,8,3,9,5,9,14,4,6
9/10/2020,14,8,6,9,12,9,12,13,15,15,16,20,12,12,11,9,8,22,13,8,7,9,10,11,12,20,9,10,11,7,5,9,5,16,9,13,9,8,15,10,9,14,22,15,11,4,n/a,n/a,11,10,15,22,14,15,6,12,13,8,11,n/a,6,4,8,5,8,17,4,7
10/10/2020,16,13,9,12,12,11,15,20,18,16,17,19,16,11,13,12,10,22,16,8,8,9,13,13,11,20,6,7,8,6,7,10,8,17,13,10,11,8,16,13,9,14,22,18,15,7,n/a,n/a,10,8,13,22,14,14,5,12,10,6,10,n/a,7,3,9,6,7,14,7,7
11/10/2020,20,14,11,15,15,12,19,20,20,18,22,23,17,16,15,13,12,23,18,12,9,13,21,16,12,19,11,10,9,9,12,11,12,15,12,12,8,6,17,18,9,14,20,21,17,10,n/a,n/a,12,8,14,23,16,17,12,11,10,9,9,n/a,13,6,12,4,10,18,20,9
12/10/2020,28,24,17,22,25,19,26,38,29,27,30,39,28,22,25,25,22,31,29,22,n/a,17,27,22,19,29,20,17,19,14,21,20,20,16,11,11,9,7,17,16,6,11,23,32,27,18,n/a,n/a,10,8,12,23,14,16,18,15,13,18,8,n/a,19,3,21,5,16,24,18,14
13/10/2020,22,16,12,16,19,13,21,29,21,21,23,30,21,17,22,16,16,29,18,15,n/a,14,21,18,19,26,18,15,16,16,13,14,14,18,11,14,5,7,16,17,10,12,19,28,22,13,n/a,n/a,12,9,17,22,12,16,7,13,11,14,11,n/a,15,2,15,3,15,24,23,13
14/10/2020,22,15,12,18,17,14,18,31,23,22,20,29,20,17,18,14,14,25,18,14,n/a,11,27,17,9,13,18,11,13,14,11,15,12,16,15,15,10,8,17,17,8,14,22,24,20,16,n/a,n/a,13,9,21,26,16,16,14,11,11,13,12,n/a,17,3,10,6,8,22,26,10
15/10/2020,17,13,12,14,17,9,17,26,18,17,14,24,18,14,20,15,15,27,18,11,11,8,33,18,11,14,16,7,16,9,11,13,11,17,5,13,10,8,16,12,8,12,23,19,19,16,10,12,11,9,16,23,14,15,11,9,12,11,8,n/a,17,7,9,5,8,9,22,7
16/10/2020,15,13,9,13,16,8,14,20,17,15,15,21,15,12,11,16,11,22,18,10,12,8,22,14,13,18,11,10,9,8,11,16,10,13,5,9,6,6,11,10,9,12,24,13,13,11,12,14,6,7,8,17,8,8,7,6,6,n/a,5,n/a,8,8,12,5,8,10,6,8
17/10/2020,13,8,7,8,12,6,9,14,12,11,14,20,11,7,8,8,8,20,12,5,4,5,9,10,6,18,11,7,9,8,5,12,6,11,4,9,5,5,9,7,7,12,22,11,11,5,20,20,6,6,11,16,7,7,4,5,7,n/a,n/a,n/a,8,12,5,7,4,6,4,4
18/10/2020,11,8,11,8,11,6,9,11,12,12,15,18,10,8,7,9,7,21,11,5,6,5,8,9,8,13,11,9,11,10,8,10,5,12,4,8,7,5,12,7,8,15,23,10,8,4,14,18,8,7,14,17,10,9,n/a,4,8,9,6,n/a,6,5,6,8,6,5,4,5
19/10/2020,19,18,18,13,16,12,21,20,21,18,23,29,20,13,12,14,13,24,22,9,6,9,13,10,8,22,23,16,19,19,17,17,15,10,4,6,5,5,9,7,13,17,22,11,12,12,19,19,6,6,12,13,8,7,7,3,5,14,5,n/a,8,8,6,8,8,6,5,8
20/10/2020,17,15,15,13,17,11,17,20,19,17,22,28,17,11,13,14,13,28,21,9,7,9,14,12,10,22,17,20,22,29,15,20,12,11,5,4,3,3,7,8,13,17,23,13,14,8,13,19,4,6,12,14,6,5,5,3,3,21,7,4,9,9,10,10,8,8,6,8
21/10/2020,17,13,14,13,14,11,17,18,18,17,20,27,15,n/a,15,11,11,25,19,10,6,10,17,13,10,21,12,9,10,9,13,14,12,11,9,4,4,3,9,9,10,17,22,15,16,8,13,16,6,4,12,14,9,5,7,5,7,7,6,5,11,5,11,10,9,8,8,8
22/10/2020,23,16,n/a,20,20,14,23,24,22,23,27,31,21,18,20,18,15,32,21,15,14,13,22,14,15,31,14,13,15,11,10,14,12,14,9,7,5,4,12,14,9,18,22,18,17,8,11,13,8,6,15,20,10,8,10,10,7,14,8,6,13,4,18,8,14,17,18,12
23/10/2020,31,23,21,24,30,21,26,32,27,28,28,34,28,24,31,24,23,38,23,24,26,21,32,23,22,37,20,18,22,16,17,19,20,15,10,9,7,7,14,19,10,16,22,27,27,19,9,13,12,8,17,21,12,12,22,15,14,23,12,10,25,4,25,6,25,28,23,20
24/10/2020,35,27,29,30,32,26,n/a,37,31,33,31,35,31,29,40,24,29,42,30,32,33,25,34,32,37,43,26,25,23,26,23,27,28,19,13,13,10,9,n/a,22,13,20,22,31,34,23,9,14,17,10,20,22,15,16,26,19,22,30,12,13,34,4,31,6,37,34,27,29
25/10/2020,40,33,39,38,39,31,n/a,47,42,40,42,45,41,34,36,36,35,43,31,36,32,34,37,30,33,51,31,35,34,32,26,31,28,21,15,17,14,10,20,26,9,16,22,32,38,29,7,13,17,12,21,28,20,20,27,19,21,35,15,16,32,3,30,4,33,40,36,29
26/10/2020,46,41,40,38,45,34,n/a,53,47,47,43,53,46,33,46,44,38,54,36,35,35,29,40,34,30,57,38,40,40,36,33,35,33,23,18,19,16,12,21,32,8,15,23,32,33,28,8,13,17,11,20,29,25,20,31,19,19,42,10,16,31,3,37,5,41,33,22,29
27/10/2020,31,26,26,27,28,23,n/a,33,32,30,32,40,29,25,29,28,23,40,25,23,20,23,25,20,26,41,34,40,40,45,32,36,25,18,14,14,9,9,15,18,10,12,22,25,21,23,10,14,25,12,15,22,12,12,19,10,16,40,8,12,21,4,23,6,23,29,23,21
28/10/2020,30,24,26,24,25,18,n/a,34,29,29,29,35,26,24,30,23,22,39,27,20,19,18,31,24,19,36,36,29,37,34,27,32,26,15,10,13,9,7,15,17,8,13,23,28,28,34,12,16,16,7,13,26,14,13,17,13,11,29,n/a,13,28,5,18,8,20,38,31,21
29/10/2020,19,17,17,18,20,14,n/a,24,21,20,22,32,21,16,22,20,16,33,22,16,14,12,19,20,13,23,23,12,17,17,15,19,16,15,10,11,8,9,13,12,6,12,23,14,13,25,15,15,14,7,14,22,12,14,13,6,12,13,n/a,10,20,5,14,6,14,7,6,12
30/10/2020,18,11,10,17,16,11,11,18,19,17,15,28,14,16,12,8,8,26,n/a,15,11,9,20,12,19,15,12,10,9,10,10,9,12,11,5,5,4,4,8,11,8,14,20,16,14,12,16,17,6,4,8,14,5,7,13,9,7,8,n/a,5,13,4,15,6,15,5,13,11
31/10/2020,19,14,15,17,22,13,12,19,21,21,20,29,17,17,14,13,13,33,n/a,15,17,14,21,17,18,24,11,11,10,11,10,15,14,13,8,8,7,3,9,13,9,15,21,12,17,12,9,17,9,5,12,21,7,7,12,6,9,11,n/a,9,17,4,19,9,17,11,6,10
1/11/2020,17,12,17,15,16,11,14,16,18,17,25,25,16,14,14,14,12,29,n/a,11,13,11,16,17,14,19,15,13,10,13,9,8,13,16,14,11,6,5,11,11,11,21,22,17,13,11,12,16,11,6,12,28,10,9,8,7,9,12,n/a,11,9,4,14,8,12,9,11,10
2/11/2020,25,18,22,21,18,17,16,27,23,24,29,33,21,22,23,21,16,36,23,18,17,17,22,16,19,31,15,11,13,10,14,14,16,17,n/a,10,6,4,13,17,10,19,21,21,19,14,13,18,13,6,14,24,13,12,15,12,12,15,7,8,14,3,17,7,20,13,19,14
3/11/2020,n/a,19,18,21,23,18,14,25,22,22,23,27,21,21,26,18,18,35,22,19,23,17,30,24,26,37,20,20,21,20,20,20,17,18,13,9,8,7,13,21,12,15,24,29,28,18,10,14,19,9,18,24,16,12,23,18,17,22,6,9,22,4,28,6,25,21,27,23
4/11/2020,n/a,23,20,26,28,23,19,35,30,31,31,39,29,28,33,25,24,40,23,26,23,23,25,22,38,42,27,28,29,30,22,25,25,20,14,18,16,13,20,21,16,16,22,16,20,21,16,15,15,5,19,22,25,15,22,18,13,31,8,15,22,3,29,7,32,23,15,31
5/11/2020,27,21,20,22,26,21,18,35,27,27,27,36,26,23,34,24,20,36,22,n/a,21,22,32,19,27,47,22,25,22,27,18,24,21,18,11,17,16,11,20,17,17,20,23,23,25,17,19,17,8,5,18,20,24,11,19,14,9,25,n/a,13,18,4,30,10,25,19,24,25
6/11/2020,31,20,20,24,27,22,15,38,27,31,36,39,24,29,30,23,20,37,21,23,25,23,34,25,28,47,20,19,16,15,17,n/a,21,18,13,17,n/a,10,20,27,17,18,25,28,24,20,15,17,10,6,n/a,27,22,12,20,17,11,17,n/a,12,21,4,24,10,28,19,17,25
7/11/2020,22,18,16,18,24,15,12,21,20,19,24,28,19,19,24,18,16,32,20,21,26,17,36,27,n/a,33,13,11,12,10,14,n/a,16,17,11,13,8,9,16,22,16,21,22,36,36,16,12,17,10,7,n/a,23,17,11,18,19,12,12,n/a,14,25,4,27,11,23,33,27,19
8/11/2020,41,33,26,34,34,30,26,43,38,39,41,47,37,38,40,31,30,47,29,30,37,28,37,35,n/a,47,26,22,23,25,29,n/a,31,16,10,11,n/a,7,14,20,10,16,23,40,38,27,18,17,13,8,n/a,22,16,13,33,19,10,24,11,14,33,4,35,9,31,23,39,29
9/11/2020,36,29,26,32,33,28,23,35,32,34,39,39,32,31,34,28,30,41,27,31,31,28,35,32,n/a,41,28,24,27,27,28,n/a,30,21,13,17,10,8,19,26,8,13,23,39,36,30,16,21,18,12,n/a,24,17,20,28,22,14,26,17,17,31,4,41,14,29,32,41,30
10/11/2020,39,29,27,33,34,30,22,40,34,34,43,42,32,31,41,32,28,42,29,32,30,29,36,32,39,53,26,25,24,25,26,28,30,28,21,20,14,13,22,28,21,27,26,37,37,27,27,25,25,16,27,31,23,24,29,24,21,28,18,20,32,7,39,16,32,35,35,35
11/11/2020,33,26,27,27,31,25,20,29,32,29,36,33,27,26,32,29,26,39,29,26,29,25,37,30,27,38,27,25,24,24,n/a,26,26,27,21,21,16,12,23,26,31,34,38,37,36,23,28,26,22,17,25,31,26,23,23,19,21,23,16,25,28,10,32,21,24,29,12,25
12/11/2020,30,21,20,22,25,21,16,26,28,27,34,34,25,25,25,22,21,35,23,22,21,21,28,23,25,39,19,15,12,15,n/a,16,19,24,19,21,14,11,23,25,10,21,34,31,29,18,21,19,17,13,24,31,26,22,20,21,16,15,17,16,21,3,19,16,21,26,21,20
13/11/2020,40,27,27,31,33,29,22,42,35,35,38,39,31,32,38,28,29,40,27,33,31,30,49,36,31,56,23,22,24,21,n/a,n/a,27,23,19,20,14,11,23,28,8,14,25,51,47,23,19,17,19,13,21,30,27,21,27,24,15,22,14,17,36,5,37,8,33,51,37,32
14/11/2020,44,36,34,37,40,34,29,52,40,41,48,44,40,38,51,40,33,48,33,39,40,38,68,36,43,66,27,29,26,23,n/a,n/a,34,22,16,19,15,12,22,36,14,14,27,43,44,30,19,17,20,11,22,27,25,25,34,28,17,30,14,23,45,3,48,7,47,n/a,41,46
15/11/2020,54,43,37,42,49,43,32,65,48,50,51,52,48,43,55,50,47,55,34,40,37,37,41,31,39,76,32,40,36,33,n/a,n/a,37,26,n/a,23,17,14,25,37,29,27,24,32,41,36,20,19,22,14,26,29,24,26,30,23,14,36,13,20,34,5,43,7,43,35,22,44
16/11/2020,27,20,20,22,27,17,14,46,25,24,24,33,26,19,40,23,23,36,23,23,25,15,29,21,39,44,27,32,28,26,n/a,n/a,19,25,n/a,23,14,10,23,24,22,25,30,26,21,18,23,22,21,11,24,34,24,23,18,16,19,32,12,21,25,5,34,11,36,19,18,37
17/11/2020,34,28,24,26,30,22,17,60,31,34,33,37,35,27,38,32,28,50,31,27,24,23,34,22,29,63,27,30,33,27,n/a,n/a,22,26,n/a,20,11,10,22,23,18,21,25,23,23,22,14,20,21,10,19,31,22,21,20,11,19,32,10,27,25,6,26,7,33,32,10,26
18/11/2020,36,25,26,25,32,27,19,62,32,38,37,43,31,33,48,33,28,46,28,31,27,30,37,19,26,59,26,28,30,24,n/a,n/a,21,26,21,20,13,11,20,29,14,17,24,29,27,19,15,15,25,9,17,31,21,22,21,13,24,27,8,28,17,4,28,6,34,52,12,27
19/11/2020,48,32,31,33,34,31,24,77,42,46,41,52,44,40,51,43,37,60,28,30,36,34,39,25,30,56,39,32,26,34,n/a,38,29,21,17,19,14,11,22,32,11,16,25,35,28,25,17,16,22,10,22,29,25,20,16,14,21,34,9,21,19,4,27,6,38,59,12,25
20/11/2020,42,32,27,30,40,31,22,55,38,39,36,50,38,36,57,28,30,49,29,38,33,30,55,27,33,52,37,32,23,34,n/a,40,28,22,18,18,13,10,21,35,13,12,26,33,29,35,17,n/a,23,9,24,29,23,20,16,14,15,31,n/a,23,25,4,29,5,44,50,14,30
21/11/2020,25,23,22,23,30,18,18,36,29,25,30,45,28,22,30,21,21,40,21,28,26,18,46,26,32,25,19,18,14,27,n/a,23,25,21,18,19,14,10,21,34,11,12,26,32,30,17,19,n/a,6,9,21,30,28,19,11,19,14,17,13,19,20,3,30,6,35,50,15,19
22/11/2020,25,18,18,18,22,17,14,28,29,24,29,39,24,n/a,24,20,18,35,19,20,19,n/a,31,23,16,26,15,15,16,16,n/a,18,18,23,17,22,15,12,25,37,8,12,23,26,23,16,13,n/a,13,14,20,31,29,22,10,18,19,17,13,19,21,3,15,4,13,35,12,11
23/11/2020,37,26,24,26,29,21,22,41,36,35,38,54,30,30,32,27,23,43,26,24,19,21,29,17,24,48,21,19,21,20,n/a,18,19,27,23,22,14,11,26,30,9,11,24,16,16,17,14,n/a,7,12,21,37,23,24,17,16,23,23,18,17,17,3,19,5,22,21,7,20
24/11/2020,22,14,20,18,19,14,11,29,20,21,24,31,17,18,27,19,14,30,20,18,17,17,28,17,26,43,17,18,18,16,n/a,12,20,29,20,19,13,11,22,17,13,n/a,26,19,15,14,15,n/a,5,13,19,34,20,24,15,12,25,21,13,17,16,4,20,7,23,30,8,19
25/11/2020,24,17,20,20,21,16,11,28,20,22,25,33,20,21,27,20,16,31,20,17,16,19,27,19,23,45,16,18,20,14,n/a,14,20,22,17,18,11,10,9,23,11,17,26,20,17,7,18,n/a,4,16,19,29,20,23,15,15,26,18,11,14,17,3,19,7,24,29,8,24
26/11/2020,22,15,19,18,21,12,10,23,18,19,24,29,18,17,29,19,11,30,19,17,16,18,29,16,24,44,13,17,13,12,n/a,15,16,24,19,20,12,9,n/a,23,8,16,24,18,18,9,11,n/a,n/a,15,22,32,22,23,12,16,21,15,n/a,18,15,3,19,7,27,21,9,19
27/11/2020,17,12,16,14,16,9,7,18,16,15,21,24,15,14,17,13,11,28,21,13,14,13,20,15,24,28,14,13,11,12,n/a,11,15,24,19,15,11,8,n/a,24,11,15,24,18,18,10,16,n/a,19,15,18,33,26,23,12,16,17,12,10,19,14,2,16,5,17,20,9,15
28/11/2020,26,15,20,20,20,16,10,25,21,23,24,30,18,22,27,17,14,30,20,20,19,20,24,19,28,43,15,15,13,11,n/a,15,16,23,19,16,15,9,n/a,28,10,19,29,27,23,8,21,n/a,16,14,21,34,24,25,17,16,15,15,12,21,19,2,23,7,21,25,16,23
29/11/2020,24,16,20,20,21,16,14,24,21,21,23,27,19,19,23,16,16,28,16,19,15,18,18,15,30,37,14,13,12,14,n/a,16,13,23,20,19,17,15,n/a,31,11,16,27,19,15,7,9,n/a,21,16,22,35,27,27,9,19,17,12,15,21,12,4,21,10,19,21,9,24
30/11/2020,20,13,16,18,18,12,8,23,17,19,20,24,16,16,20,13,12,27,17,14,13,14,19,16,21,32,11,9,10,9,n/a,13,14,25,n/a,25,22,16,n/a,20,7,11,24,23,15,5,10,12,24,14,22,33,27,31,10,18,17,11,16,27,14,3,16,5,20,23,11,16
1/12/2020,21,12,19,18,19,12,9,18,20,19,25,25,14,17,23,12,12,27,15,17,14,17,21,17,23,31,11,8,8,9,n/a,11,13,27,20,24,19,15,n/a,23,7,11,23,24,n/a,4,6,8,29,17,25,33,26,29,14,18,17,8,16,22,13,3,18,3,16,38,8,16
2/12/2020,21,13,19,17,18,13,9,27,20,19,19,31,18,17,22,15,13,28,16,16,13,13,19,14,26,30,11,11,12,9,n/a,12,14,26,24,28,19,20,29,33,5,9,23,23,14,9,7,8,30,15,27,36,31,34,13,21,30,10,15,23,15,3,19,4,19,24,8,17
3/12/2020,21,13,18,16,20,15,10,24,n/a,18,19,24,18,18,26,14,13,28,17,18,17,18,22,18,24,38,14,11,12,11,n/a,12,15,26,22,25,14,13,21,26,9,11,24,20,20,5,6,10,36,13,24,30,28,37,13,19,38,12,18,24,16,2,19,6,22,25,13,22
4/12/2020,26,20,22,22,25,18,15,28,n/a,25,25,31,23,22,27,20,18,34,21,22,20,20,26,22,34,30,15,15,18,15,n/a,19,21,30,23,22,19,12,24,29,11,16,30,30,25,10,16,15,27,16,33,31,28,29,18,28,32,16,19,25,n/a,4,25,10,25,29,25,35
5/12/2020,28,20,n/a,25,26,20,n/a,27,26,25,30,30,24,24,28,21,18,35,22,23,20,21,21,18,30,34,19,18,20,19,n/a,24,24,33,26,31,22,15,28,31,18,19,31,27,26,8,15,19,30,17,33,36,31,34,20,24,28,17,22,33,22,6,27,13,26,38,16,27
6/12/2020,36,26,n/a,29,28,21,14,34,31,33,38,36,30,27,32,27,23,42,24,21,21,23,24,18,29,37,19,19,21,19,19,21,22,38,32,32,23,15,26,37,15,21,31,35,25,8,17,20,38,16,38,38,36,47,18,28,38,22,19,32,20,9,28,13,30,57,21,32
7/12/2020,38,30,n/a,33,33,28,19,46,35,38,41,41,35,33,41,37,25,50,24,28,26,30,32,26,35,52,17,21,24,19,20,21,22,34,29,33,26,13,24,44,15,21,35,33,43,11,14,20,35,20,40,35,32,46,19,28,43,25,21,28,23,10,36,11,40,52,17,38
8/12/2020,37,28,29,29,33,25,22,45,33,35,35,41,35,30,39,29,28,40,n/a,28,21,25,31,23,27,n/a,20,21,22,19,19,18,24,30,26,28,19,12,26,38,19,22,34,39,38,16,14,18,31,21,40,37,31,44,22,28,36,25,18,34,26,9,30,12,34,43,25,34
9/12/2020,40,33,31,30,34,27,25,40,36,37,41,41,36,34,44,33,29,46,29,32,28,32,34,28,14,58,26,22,27,20,23,22,30,33,29,28,18,12,22,34,22,23,35,44,43,27,11,15,27,18,40,36,28,44,22,31,34,24,21,40,28,7,33,14,37,60,28,39
10/12/2020,53,41,36,40,47,39,29,63,48,50,50,55,50,44,49,46,42,60,33,37,38,40,42,33,16,68,31,28,38,27,31,29,32,30,27,31,19,13,28,45,28,28,32,46,49,31,13,16,34,22,42,37,33,40,22,29,35,33,23,43,34,7,37,12,44,83,24,45
11/12/2020,61,44,40,49,48,50,37,65,52,57,56,66,50,48,57,50,46,62,37,48,44,44,42,29,15,68,44,40,53,44,52,38,45,30,26,37,21,18,30,43,39,28,38,46,31,37,13,19,34,20,41,41,32,47,20,31,36,40,21,45,34,5,40,17,47,72,15,46
12/12/2020,57,48,39,41,47,46,39,81,53,52,54,60,53,49,58,54,45,67,37,46,41,41,n/a,33,16,73,44,43,46,43,35,36,32,31,28,28,21,17,33,39,35,35,44,44,39,31,13,16,36,17,26,42,32,45,20,23,38,44,18,41,28,6,43,17,49,65,11,43
13/12/2020,60,46,42,43,49,44,41,79,50,58,56,72,55,52,57,58,48,79,45,44,41,40,42,27,15,62,44,42,41,44,46,43,44,31,27,31,21,14,30,40,21,21,31,45,39,35,10,14,36,13,28,38,28,46,20,28,36,42,14,31,28,4,33,9,41,52,14,38
14/12/2020,67,57,49,49,55,48,50,63,66,65,71,112,60,60,59,44,47,76,37,55,54,44,70,41,16,59,26,23,23,30,35,33,35,25,24,26,22,14,24,46,14,14,27,45,39,30,10,12,31,12,29,30,31,47,23,30,n/a,26,17,30,27,3,40,6,44,56,17,40
15/12/2020,79,44,43,46,52,55,43,83,58,67,61,91,57,60,72,52,47,74,30,55,51,54,40,22,17,82,22,20,22,20,22,21,27,28,20,31,19,15,28,36,13,15,25,32,29,32,10,14,31,14,32,12,29,43,19,25,29,23,n/a,28,26,3,41,7,52,31,8,50
16/12/2020,52,27,28,30,39,35,27,56,39,45,34,62,35,44,55,31,28,43,20,34,19,31,25,18,15,63,15,16,14,16,14,14,16,30,27,35,25,15,26,21,9,14,25,18,21,14,10,11,31,16,29,13,25,34,13,17,30,17,n/a,33,16,3,35,7,36,15,5,41
17/12/2020,42,18,23,21,26,20,23,75,25,40,22,58,26,24,44,22,22,29,20,21,18,23,21,13,12,55,13,17,13,16,15,14,17,32,28,27,15,9,16,19,10,13,24,19,15,11,6,9,28,18,25,13,20,19,11,16,30,17,15,35,16,2,25,5,31,22,6,24
18/12/2020,31,23,27,25,23,23,27,41,28,30,31,41,30,24,38,29,22,36,21,20,17,24,25,21,12,49,19,16,16,14,14,15,17,28,25,21,19,11,21,20,10,13,27,20,16,15,6,10,24,19,22,11,19,15,11,18,25,15,10,28,17,3,28,6,32,23,5,24
19/12/2020,24,17,23,19,24,17,22,26,23,22,25,30,20,n/a,29,18,15,29,19,16,14,20,20,35,11,41,15,13,11,13,16,14,13,26,23,23,20,9,18,18,13,16,27,19,16,11,8,12,22,19,23,13,20,16,10,15,22,14,10,29,18,2,25,7,22,14,6,24
20/12/2020,26,17,22,21,24,18,23,24,25,24,25,30,21,n/a,22,16,13,28,19,16,17,15,20,39,10,30,16,11,11,12,13,14,14,21,18,16,12,11,17,14,11,19,25,23,19,14,7,13,14,18,18,11,17,20,12,17,17,11,7,27,19,3,21,6,16,9,12,16
21/12/2020,27,22,24,22,27,19,26,37,28,26,32,30,25,n/a,29,22,19,32,22,20,20,18,28,42,11,35,19,15,17,16,21,17,23,17,12,16,14,12,22,17,12,19,28,37,31,20,9,14,10,15,15,11,15,13,21,n/a,11,16,10,n/a,29,5,27,9,21,21,28,19
22/12/2020,37,34,34,32,33,31,33,37,39,37,43,42,36,n/a,44,31,26,47,27,30,29,25,33,42,17,46,28,24,25,26,25,27,32,22,13,22,16,12,19,17,24,24,32,47,37,29,10,15,17,16,22,12,22,26,25,n/a,18,26,16,33,30,5,38,12,33,54,35,28
23/12/2020,47,39,40,39,40,37,37,49,48,47,50,53,44,n/a,49,41,35,56,43,40,35,35,42,46,13,53,38,32,34,35,37,36,41,26,20,34,29,18,37,26,29,32,28,57,51,40,13,15,21,20,26,15,30,35,30,20,19,35,19,35,44,8,32,18,44,68,32,30
24/12/2020,48,38,37,39,41,41,38,49,45,46,50,56,43,n/a,55,43,37,65,56,37,34,34,n/a,40,15,58,37,29,33,32,41,33,50,29,26,43,34,17,37,23,31,28,20,41,43,42,12,11,22,27,27,17,37,39,31,18,20,32,15,35,34,6,39,18,47,72,15,32
25/12/2020,42,31,34,37,38,36,34,47,37,39,42,48,38,n/a,49,38,33,46,34,34,24,30,28,42,16,65,26,23,20,22,17,21,26,30,29,44,27,23,35,30,22,31,11,35,27,26,16,13,24,19,24,19,32,39,18,19,23,22,16,34,27,5,36,9,38,38,10,32
26/12/2020,45,27,31,31,33,29,31,52,34,41,41,44,33,n/a,52,39,25,43,30,36,28,34,35,41,17,70,28,18,17,18,19,20,21,33,29,42,27,22,31,30,8,14,8,46,27,21,10,10,28,19,25,19,29,40,20,19,28,18,17,35,27,3,36,7,47,39,15,33
27/12/2020,41,32,28,29,31,28,31,48,35,40,35,52,38,n/a,46,29,27,57,32,34,42,27,45,33,16,54,30,23,20,23,23,28,24,28,26,31,29,20,30,32,9,14,13,65,39,25,11,10,31,14,30,18,28,38,21,20,27,23,15,34,32,4,29,5,45,50,15,22
28/12/2020,27,16,23,24,22,18,25,58,25,23,25,43,22,n/a,37,13,14,25,19,31,39,19,59,42,14,16,36,23,20,22,17,25,22,21,19,32,31,19,29,35,11,17,13,70,42,42,21,15,22,14,27,14,27,33,22,29,13,24,15,32,43,4,34,11,30,51,19,17
29/12/2020,36,24,28,29,27,25,29,45,31,31,33,45,32,n/a,45,21,20,35,28,33,34,23,52,50,15,27,32,22,19,20,22,26,26,19,17,31,25,17,29,35,12,20,16,66,44,38,17,16,18,15,28,18,27,33,24,29,18,22,17,33,37,6,26,13,31,67,21,18
30/12/2020,36,21,30,27,27,25,27,30,29,30,31,41,27,n/a,42,18,19,33,27,32,31,25,31,60,15,35,27,22,24,26,19,25,22,25,23,36,28,21,33,26,15,20,19,24,26,34,18,19,24,19,28,17,24,36,21,23,20,24,18,36,28,7,32,16,41,28,15,22
31/12/2020,23,17,22,20,19,17,22,20,21,21,20,22,21,n/a,21,19,16,28,22,19,17,16,18,43,10,22,16,14,15,14,16,18,16,28,24,24,20,17,25,16,17,20,17,24,19,20,17,16,26,28,25,18,23,34,17,19,27,15,n/a,25,22,11,19,14,17,26,17,15
,,,,,,,,,,,,,,,,,,,,,,,,,,,,,,,,,,,,,,,,,,,,,,,,,,,,,,,,,,,,,,,,,,,,
หมายเหตุ,N/A : ไม่มีข้อมูล,,,,,,,,,,,,,,,,,,,,,,,,,,,,,,,,,,,,,,,,,,,,,,,,,,,,,,,,,,,,,,,,,,,
