DATETIMEDATA,PM25
2021-11-10 00:00:00,14.07865168539326
2021-11-10 01:00:00,13.370786516853933
2021-11-10 02:00:00,13.280898876404494
2021-11-10 03:00:00,13.112359550561798
2021-11-10 04:00:00,13.168539325842696
2021-11-10 05:00:00,13.730337078651685
2021-11-10 06:00:00,14.191011235955056
2021-11-10 07:00:00,15.352272727272727
2021-11-10 08:00:00,16.25
2021-11-10 09:00:00,16.261363636363637
2021-11-10 10:00:00,15.988636363636363
2021-11-10 11:00:00,15.090909090909092
2021-11-10 12:00:00,14.415730337078651
2021-11-10 13:00:00,14.393258426966293
2021-11-10 14:00:00,13.488636363636363
2021-11-10 15:00:00,13.943181818181818
2021-11-10 16:00:00,14.393258426966293
2021-11-10 17:00:00,14.561797752808989
2021-11-10 18:00:00,15.876404494382022
2021-11-10 19:00:00,17.303370786516854
2021-11-10 20:00:00,18.314606741573034
2021-11-10 21:00:00,18.426966292134832
2021-11-10 22:00:00,17.348314606741575
2021-11-10 23:00:00,16.06741573033708
2021-11-11 00:00:00,15.303370786516854
2021-11-11 01:00:00,15.25
2021-11-11 02:00:00,15.415730337078651
2021-11-11 03:00:00,15.876404494382022
2021-11-11 04:00:00,16.303370786516854
2021-11-11 05:00:00,16.89887640449438
2021-11-11 06:00:00,17.89887640449438
2021-11-11 07:00:00,19.733333333333334
2021-11-11 08:00:00,20.95505617977528
2021-11-11 09:00:00,19.325842696629213
2021-11-11 10:00:00,18.444444444444443
2021-11-11 11:00:00,18.269662921348313
2021-11-11 12:00:00,17.59090909090909
2021-11-11 13:00:00,16.733333333333334
2021-11-11 14:00:00,15.853932584269662
2021-11-11 15:00:00,15.761363636363637
2021-11-11 16:00:00,16.622222222222224
2021-11-11 17:00:00,17.439560439560438
2021-11-11 18:00:00,18.45054945054945
2021-11-11 19:00:00,20.626373626373628
2021-11-11 20:00:00,21.912087912087912
2021-11-11 21:00:00,21.263736263736263
2021-11-11 22:00:00,21.043956043956044
2021-11-11 23:00:00,20.21978021978022
2021-11-12 00:00:00,19.24175824175824
2021-11-12 01:00:00,18.571428571428573
2021-11-12 02:00:00,17.164835164835164
2021-11-12 03:00:00,16.186813186813186
2021-11-12 04:00:00,16.153846153846153
2021-11-12 05:00:00,17.285714285714285
2021-11-12 06:00:00,18.10989010989011
2021-11-12 07:00:00,19.66304347826087
2021-11-12 08:00:00,20.956521739130434
2021-11-12 09:00:00,20.988888888888887
2021-11-12 10:00:00,19.406593406593405
2021-11-12 11:00:00,17.802197802197803
2021-11-12 12:00:00,17.197802197802197
2021-11-12 13:00:00,17.087912087912088
2021-11-12 14:00:00,17.533333333333335
2021-11-12 15:00:00,18.59090909090909
2021-11-12 16:00:00,19.685393258426966
2021-11-12 17:00:00,20.733333333333334
2021-11-12 18:00:00,21.36263736263736
2021-11-12 19:00:00,22.65934065934066
2021-11-12 20:00:00,22.01098901098901
2021-11-12 21:00:00,21.417582417582416
2021-11-12 22:00:00,20.703296703296704
2021-11-12 23:00:00,19.67032967032967
2021-11-13 00:00:00,18.582417582417584
2021-11-13 01:00:00,18.318681318681318
2021-11-13 02:00:00,18.153846153846153
2021-11-13 03:00:00,17.87912087912088
2021-11-13 04:00:00,17.824175824175825
2021-11-13 05:00:00,18.406593406593405
2021-11-13 06:00:00,18.788888888888888
2021-11-13 07:00:00,19.95505617977528
2021-11-13 08:00:00,19.640449438202246
2021-11-13 09:00:00,18.89887640449438
2021-11-13 10:00:00,18.136363636363637
2021-11-13 11:00:00,17
2021-11-13 12:00:00,16.685393258426966
2021-11-13 13:00:00,15.822222222222223
2021-11-13 14:00:00,15.945652173913043
2021-11-13 15:00:00,15.978260869565217
2021-11-13 16:00:00,16.296703296703296
2021-11-13 17:00:00,18.076923076923077
2021-11-13 18:00:00,20.097826086956523
2021-11-13 19:00:00,22.72826086956522
2021-11-13 20:00:00,24.17391304347826
2021-11-13 21:00:00,25.83695652173913
2021-11-13 22:00:00,25.695652173913043
2021-11-13 23:00:00,24.76086956521739
2021-11-14 00:00:00,24.130434782608695
2021-11-14 01:00:00,23.23076923076923
2021-11-14 02:00:00,22.86813186813187
2021-11-14 03:00:00,21.835164835164836
2021-11-14 04:00:00,21.846153846153847
2021-11-14 05:00:00,22.087912087912088
2021-11-14 06:00:00,23.0989010989011
2021-11-14 07:00:00,24.45054945054945
2021-11-14 08:00:00,25.63736263736264
2021-11-14 09:00:00,24.692307692307693
2021-11-14 10:00:00,22.866666666666667
2021-11-14 11:00:00,21.155555555555555
2021-11-14 12:00:00,19.9
2021-11-14 13:00:00,19.22222222222222
2021-11-14 14:00:00,18.333333333333332
2021-11-14 15:00:00,17.681318681318682
2021-11-14 16:00:00,17.86813186813187
2021-11-14 17:00:00,19.555555555555557
2021-11-14 18:00:00,22.18888888888889
2021-11-14 19:00:00,23.36263736263736
2021-11-14 20:00:00,24.01098901098901
2021-11-14 21:00:00,24.296703296703296
2021-11-14 22:00:00,24.175824175824175
2021-11-14 23:00:00,23.835164835164836
2021-11-15 00:00:00,23.153846153846153
2021-11-15 01:00:00,22.744444444444444
2021-11-15 02:00:00,22.6
2021-11-15 03:00:00,22.252747252747252
2021-11-15 04:00:00,22.439560439560438
2021-11-15 05:00:00,23.571428571428573
2021-11-15 06:00:00,24.186813186813186
2021-11-15 07:00:00,25.582417582417584
2021-11-15 08:00:00,26.055555555555557
2021-11-15 09:00:00,25.55056179775281
2021-11-15 10:00:00,24.10112359550562
2021-11-15 11:00:00,23.06741573033708
2021-11-15 12:00:00,21.10112359550562
2021-11-15 13:00:00,18.40449438202247
2021-11-15 14:00:00,17.36263736263736
2021-11-15 15:00:00,16.98901098901099
2021-11-15 16:00:00,17.644444444444446
2021-11-15 17:00:00,17.966666666666665
2021-11-15 18:00:00,20.439560439560438
2021-11-15 19:00:00,22.847826086956523
2021-11-15 20:00:00,24.41304347826087
2021-11-15 21:00:00,24.48913043478261
2021-11-15 22:00:00,23.293478260869566
2021-11-15 23:00:00,23.195652173913043
2021-11-16 00:00:00,22.82608695652174
2021-11-16 01:00:00,22.42391304347826
2021-11-16 02:00:00,21.66304347826087
2021-11-16 03:00:00,22.347826086956523
2021-11-16 04:00:00,22.141304347826086
2021-11-16 05:00:00,22.380434782608695
2021-11-16 06:00:00,22.83695652173913
2021-11-16 07:00:00,23.26086956521739
2021-11-16 08:00:00,23.065217391304348
2021-11-16 09:00:00,21.615384615384617
2021-11-16 10:00:00,18.98913043478261
2021-11-16 11:00:00,17.467391304347824
2021-11-16 12:00:00,15.505494505494505
2021-11-16 13:00:00,13.478260869565217
2021-11-16 14:00:00,13.043478260869565
2021-11-16 15:00:00,12.148936170212766
2021-11-16 16:00:00,12.74468085106383
2021-11-16 17:00:00,14.053191489361701
2021-11-16 18:00:00,15.702127659574469
2021-11-16 19:00:00,17.22340425531915
2021-11-16 20:00:00,16.75531914893617
2021-11-16 21:00:00,17.085106382978722
2021-11-16 22:00:00,16.78494623655914
2021-11-16 23:00:00,15.78494623655914
2021-11-17 00:00:00,14.46236559139785
2021-11-17 01:00:00,14.193548387096774
2021-11-17 02:00:00,13.010752688172044
2021-11-17 03:00:00,13.043010752688172
2021-11-17 04:00:00,13.290322580645162
2021-11-17 05:00:00,13.311827956989248
2021-11-17 06:00:00,14.258064516129032
2021-11-17 07:00:00,15.304347826086957
2021-11-17 08:00:00,15.271739130434783
2021-11-17 09:00:00,15.434782608695652
2021-11-17 10:00:00,14.33695652173913
2021-11-17 11:00:00,13.73913043478261
2021-11-17 12:00:00,13.456521739130435
2021-11-17 13:00:00,12.173913043478262
2021-11-17 14:00:00,11.532608695652174
2021-11-17 15:00:00,11.64516129032258
2021-11-17 16:00:00,12.46236559139785
2021-11-17 17:00:00,14.344086021505376
2021-11-17 18:00:00,16.483870967741936
2021-11-17 19:00:00,18.537634408602152
2021-11-17 20:00:00,19.06451612903226
2021-11-17 21:00:00,18.795698924731184
2021-11-17 22:00:00,18.387096774193548
2021-11-17 23:00:00,17.978494623655912
2021-11-18 00:00:00,17.440860215053764
2021-11-18 01:00:00,17.397849462365592
2021-11-18 02:00:00,16.516129032258064
2021-11-18 03:00:00,16.27956989247312
2021-11-18 04:00:00,15.397849462365592
2021-11-18 05:00:00,15.548387096774194
2021-11-18 06:00:00,16.258064516129032
2021-11-18 07:00:00,16.559139784946236
2021-11-18 08:00:00,16.666666666666668
2021-11-18 09:00:00,15.712765957446809
2021-11-18 10:00:00,14.290322580645162
2021-11-18 11:00:00,13.344086021505376
2021-11-18 12:00:00,12.042553191489361
2021-11-18 13:00:00,11.872340425531915
2021-11-18 14:00:00,11.553191489361701
2021-11-18 15:00:00,11.25531914893617
2021-11-18 16:00:00,11.691489361702128
2021-11-18 17:00:00,13.127659574468085
2021-11-18 18:00:00,15.74468085106383
2021-11-18 19:00:00,18.340425531914892
2021-11-18 20:00:00,19.117021276595743
2021-11-18 21:00:00,19.02127659574468
2021-11-18 22:00:00,18.51063829787234
2021-11-18 23:00:00,17.46808510638298
2021-11-19 00:00:00,16.02127659574468
2021-11-19 01:00:00,15.698924731182796
2021-11-19 02:00:00,15.064516129032258
2021-11-19 03:00:00,15.32258064516129
2021-11-19 04:00:00,16.053763440860216
2021-11-19 05:00:00,16.817204301075268
2021-11-19 06:00:00,18.148936170212767
2021-11-19 07:00:00,19
2021-11-19 08:00:00,19.19148936170213
2021-11-19 09:00:00,18.096774193548388
2021-11-19 10:00:00,16.344086021505376
2021-11-19 11:00:00,14.935483870967742
2021-11-19 12:00:00,13.516129032258064
2021-11-19 13:00:00,12.127659574468085
2021-11-19 14:00:00,11.808510638297872
2021-11-19 15:00:00,12.148936170212766
2021-11-19 16:00:00,12.25531914893617
2021-11-19 17:00:00,13.408602150537634
2021-11-19 18:00:00,16.585106382978722
2021-11-19 19:00:00,20.361702127659573
2021-11-19 20:00:00,23.77659574468085
2021-11-19 21:00:00,24.46808510638298
2021-11-19 22:00:00,25.04255319148936
2021-11-19 23:00:00,23.670212765957448
2021-11-20 00:00:00,21.51063829787234
2021-11-20 01:00:00,21.04255319148936
2021-11-20 02:00:00,20.51063829787234
2021-11-20 03:00:00,19.79787234042553
2021-11-20 04:00:00,21.27659574468085
2021-11-20 05:00:00,23.095744680851062
2021-11-20 06:00:00,22.882978723404257
2021-11-20 07:00:00,23.914893617021278
2021-11-20 08:00:00,24.180851063829788
2021-11-20 09:00:00,21.02127659574468
2021-11-20 10:00:00,18.483870967741936
2021-11-20 11:00:00,16.5
2021-11-20 12:00:00,15.414893617021276
2021-11-20 13:00:00,14.279569892473118
2021-11-20 14:00:00,13.376344086021506
2021-11-20 15:00:00,13.13978494623656
2021-11-20 16:00:00,14.670212765957446
2021-11-20 17:00:00,15.819148936170214
2021-11-20 18:00:00,20.19148936170213
2021-11-20 19:00:00,24.21276595744681
2021-11-20 20:00:00,25.28723404255319
2021-11-20 21:00:00,24.585106382978722
2021-11-20 22:00:00,23.73404255319149
2021-11-20 23:00:00,23.03191489361702
2021-11-21 00:00:00,21.74468085106383
2021-11-21 01:00:00,21.19148936170213
2021-11-21 02:00:00,20.638297872340427
2021-11-21 03:00:00,20.21276595744681
2021-11-21 04:00:00,20.085106382978722
2021-11-21 05:00:00,19.9468085106383
2021-11-21 06:00:00,20.20212765957447
2021-11-21 07:00:00,21.872340425531913
2021-11-21 08:00:00,21.52127659574468
2021-11-21 09:00:00,18.913978494623656
2021-11-21 10:00:00,18.731182795698924
2021-11-21 11:00:00,18.06382978723404
2021-11-21 12:00:00,17.19148936170213
2021-11-21 13:00:00,16.817204301075268
2021-11-21 14:00:00,15.340425531914894
2021-11-21 15:00:00,16.0752688172043
2021-11-21 16:00:00,16.752688172043012
2021-11-21 17:00:00,18.95744680851064
2021-11-21 18:00:00,22.612903225806452
2021-11-21 19:00:00,25.9468085106383
2021-11-21 20:00:00,27.574468085106382
2021-11-21 21:00:00,27.925531914893618
2021-11-21 22:00:00,26.925531914893618
2021-11-21 23:00:00,24.93617021276596
2021-11-22 00:00:00,23.46808510638298
2021-11-22 01:00:00,21.914893617021278
2021-11-22 02:00:00,21.170212765957448
2021-11-22 03:00:00,20.71276595744681
2021-11-22 04:00:00,20.53191489361702
2021-11-22 05:00:00,21.074468085106382
2021-11-22 06:00:00,21.677419354838708
2021-11-22 07:00:00,24.236559139784948
2021-11-22 08:00:00,25.29032258064516
2021-11-22 09:00:00,23.408602150537636
2021-11-22 10:00:00,19.791208791208792
2021-11-22 11:00:00,17.043956043956044
2021-11-22 12:00:00,15.307692307692308
2021-11-22 13:00:00,14.31868131868132
2021-11-22 14:00:00,14.032967032967033
2021-11-22 15:00:00,13.804347826086957
2021-11-22 16:00:00,14.98913043478261
2021-11-22 17:00:00,16.630434782608695
2021-11-22 18:00:00,19.619565217391305
2021-11-22 19:00:00,21.054347826086957
2021-11-22 20:00:00,21.72826086956522
2021-11-22 21:00:00,21.532608695652176
2021-11-22 22:00:00,21.07608695652174
2021-11-22 23:00:00,19.956989247311828
2021-11-23 00:00:00,19.118279569892472
2021-11-23 01:00:00,18.247311827956988
2021-11-23 02:00:00,16.64516129032258
2021-11-23 03:00:00,15.258064516129032
2021-11-23 04:00:00,14.333333333333334
2021-11-23 05:00:00,13.881720430107526
2021-11-23 06:00:00,14.494623655913978
2021-11-23 07:00:00,15.021505376344086
2021-11-23 08:00:00,15.075268817204302
2021-11-23 09:00:00,14.380434782608695
2021-11-23 10:00:00,13.857142857142858
2021-11-23 11:00:00,13.369565217391305
2021-11-23 12:00:00,12.627659574468085
2021-11-23 13:00:00,12.01063829787234
2021-11-23 14:00:00,11.957446808510639
2021-11-23 15:00:00,12.03191489361702
2021-11-23 16:00:00,12.436170212765957
2021-11-23 17:00:00,12.893617021276595
2021-11-23 18:00:00,13.086021505376344
2021-11-23 19:00:00,13.72340425531915
2021-11-23 20:00:00,13.446808510638299
2021-11-23 21:00:00,13.117021276595745
2021-11-23 22:00:00,12.494623655913978
2021-11-23 23:00:00,12.053763440860216
2021-11-24 00:00:00,11.838709677419354
2021-11-24 01:00:00,11.580645161290322
2021-11-24 02:00:00,11.542553191489361
2021-11-24 03:00:00,11.78494623655914
2021-11-24 04:00:00,11.648936170212766
2021-11-24 05:00:00,11.98936170212766
2021-11-24 06:00:00,12.505376344086022
2021-11-24 07:00:00,13.659574468085106
2021-11-24 08:00:00,14
2021-11-24 09:00:00,13.806451612903226
2021-11-24 10:00:00,12.956989247311828
2021-11-24 11:00:00,12.27659574468085
2021-11-24 12:00:00,11.702127659574469
2021-11-24 13:00:00,11.308510638297872
2021-11-24 14:00:00,11.32258064516129
2021-11-24 15:00:00,11.83695652173913
2021-11-24 16:00:00,12.806451612903226
2021-11-24 17:00:00,14.612903225806452
2021-11-24 18:00:00,16.5531914893617
2021-11-24 19:00:00,17.902173913043477
2021-11-24 20:00:00,18.440860215053764
2021-11-24 21:00:00,18.0531914893617
2021-11-24 22:00:00,17.372340425531913
2021-11-24 23:00:00,16.606382978723403
2021-11-25 00:00:00,15.946808510638299
2021-11-25 01:00:00,16.043010752688172
2021-11-25 02:00:00,15.763440860215054
2021-11-25 03:00:00,15.881720430107526
2021-11-25 04:00:00,16.053763440860216
2021-11-25 05:00:00,16.741935483870968
2021-11-25 06:00:00,17.021505376344088
2021-11-25 07:00:00,18.397849462365592
2021-11-25 08:00:00,19.161290322580644
2021-11-25 09:00:00,18.440860215053764
2021-11-25 10:00:00,17.655913978494624
2021-11-25 11:00:00,16.741935483870968
2021-11-25 12:00:00,16.021505376344088
2021-11-25 13:00:00,15.010752688172044
2021-11-25 14:00:00,14.956521739130435
2021-11-25 15:00:00,15.206521739130435
2021-11-25 16:00:00,15.326086956521738
2021-11-25 17:00:00,16.483870967741936
2021-11-25 18:00:00,18.655913978494624
2021-11-25 19:00:00,20.688172043010752
2021-11-25 20:00:00,22.107526881720432
2021-11-25 21:00:00,22
2021-11-25 22:00:00,22.27956989247312
2021-11-25 23:00:00,21.440860215053764
2021-11-26 00:00:00,21.010752688172044
2021-11-26 01:00:00,20.387096774193548
2021-11-26 02:00:00,19.903225806451612
2021-11-26 03:00:00,19.462365591397848
2021-11-26 04:00:00,19.634408602150536
2021-11-26 05:00:00,19
2021-11-26 06:00:00,19.752688172043012
2021-11-26 07:00:00,21.340425531914892
2021-11-26 08:00:00,21.97872340425532
2021-11-26 09:00:00,21.851063829787233
2021-11-26 10:00:00,20.741935483870968
2021-11-26 11:00:00,19.978494623655912
2021-11-26 12:00:00,18.095744680851062
2021-11-26 13:00:00,17.074468085106382
2021-11-26 14:00:00,16.731182795698924
2021-11-26 15:00:00,17.22340425531915
2021-11-26 16:00:00,17.425531914893618
2021-11-26 17:00:00,18.095744680851062
2021-11-26 18:00:00,20
2021-11-26 19:00:00,21.5531914893617
2021-11-26 20:00:00,23.45744680851064
2021-11-26 21:00:00,23.5531914893617
2021-11-26 22:00:00,22.851063829787233
2021-11-26 23:00:00,22.01063829787234
2021-11-27 00:00:00,21.04255319148936
2021-11-27 01:00:00,20.829787234042552
2021-11-27 02:00:00,19.78723404255319
2021-11-27 03:00:00,18.648936170212767
2021-11-27 04:00:00,18.795698924731184
2021-11-27 05:00:00,19.344086021505376
2021-11-27 06:00:00,20.483870967741936
2021-11-27 07:00:00,21.107526881720432
2021-11-27 08:00:00,21.47872340425532
2021-11-27 09:00:00,20.425531914893618
2021-11-27 10:00:00,19.946236559139784
2021-11-27 11:00:00,19.26086956521739
2021-11-27 12:00:00,18.129032258064516
2021-11-27 13:00:00,17.74468085106383
2021-11-27 14:00:00,17.670212765957448
2021-11-27 15:00:00,18.48936170212766
2021-11-27 16:00:00,19.27659574468085
2021-11-27 17:00:00,21.06382978723404
2021-11-27 18:00:00,23.03191489361702
2021-11-27 19:00:00,24.79787234042553
2021-11-27 20:00:00,26.095744680851062
2021-11-27 21:00:00,26.30851063829787
2021-11-27 22:00:00,25.96808510638298
2021-11-27 23:00:00,25.180851063829788
2021-11-28 00:00:00,24.80851063829787
2021-11-28 01:00:00,24.23404255319149
2021-11-28 02:00:00,24.20212765957447
2021-11-28 03:00:00,23.70212765957447
2021-11-28 04:00:00,22.97872340425532
2021-11-28 05:00:00,23.47872340425532
2021-11-28 06:00:00,23.329787234042552
2021-11-28 07:00:00,24.159574468085108
2021-11-28 08:00:00,24.829787234042552
2021-11-28 09:00:00,23.5
2021-11-28 10:00:00,22.655913978494624
2021-11-28 11:00:00,21.258064516129032
2021-11-28 12:00:00,21
2021-11-28 13:00:00,20.096774193548388
2021-11-28 14:00:00,18.903225806451612
2021-11-28 15:00:00,18.268817204301076
2021-11-28 16:00:00,18.43010752688172
2021-11-28 17:00:00,20.118279569892472
2021-11-28 18:00:00,22.247311827956988
2021-11-28 19:00:00,25.204301075268816
2021-11-28 20:00:00,27.301075268817204
2021-11-28 21:00:00,27.27956989247312
2021-11-28 22:00:00,26.27956989247312
2021-11-28 23:00:00,24.891304347826086
2021-11-29 00:00:00,24.445652173913043
2021-11-29 01:00:00,24.532608695652176
2021-11-29 02:00:00,23.782608695652176
2021-11-29 03:00:00,23.532608695652176
2021-11-29 04:00:00,23.195652173913043
2021-11-29 05:00:00,22.83695652173913
2021-11-29 06:00:00,22.66304347826087
2021-11-29 07:00:00,22.66304347826087
2021-11-29 08:00:00,23.021505376344088
2021-11-29 09:00:00,22.26086956521739
2021-11-29 10:00:00,20.945652173913043
2021-11-29 11:00:00,20.150537634408604
2021-11-29 12:00:00,18.829787234042552
2021-11-29 13:00:00,17.77659574468085
2021-11-29 14:00:00,17
2021-11-29 15:00:00,17.50537634408602
2021-11-29 16:00:00,17.86021505376344
2021-11-29 17:00:00,19.344086021505376
2021-11-29 18:00:00,22.236559139784948
2021-11-29 19:00:00,25.591397849462364
2021-11-29 20:00:00,27.666666666666668
2021-11-29 21:00:00,27.580645161290324
2021-11-29 22:00:00,26.50537634408602
2021-11-29 23:00:00,24.247311827956988
2021-11-30 00:00:00,22.204301075268816
2021-11-30 01:00:00,21.78494623655914
2021-11-30 02:00:00,21.27956989247312
2021-11-30 03:00:00,21.537634408602152
2021-11-30 04:00:00,21.78494623655914
2021-11-30 05:00:00,22.258064516129032
2021-11-30 06:00:00,23.107526881720432
2021-11-30 07:00:00,23.892473118279568
2021-11-30 08:00:00,24.182795698924732
2021-11-30 09:00:00,22.881720430107528
2021-11-30 10:00:00,22.107526881720432
2021-11-30 11:00:00,21.13978494623656
2021-11-30 12:00:00,20.548387096774192
2021-11-30 13:00:00,20.634408602150536
2021-11-30 14:00:00,20.774193548387096
2021-11-30 15:00:00,21.956521739130434
2021-11-30 16:00:00,22.397849462365592
2021-11-30 17:00:00,23.806451612903224
2021-11-30 18:00:00,25.391304347826086
2021-11-30 19:00:00,27.76086956521739
2021-11-30 20:00:00,28.365591397849464
2021-11-30 21:00:00,28.548387096774192
2021-11-30 22:00:00,27.688172043010752
2021-11-30 23:00:00,26.236559139784948
2021-12-01 00:00:00,26.13978494623656
2021-12-01 01:00:00,25.892473118279568
2021-12-01 02:00:00,25.483870967741936
2021-12-01 03:00:00,25.741935483870968
2021-12-01 04:00:00,25.548387096774192
2021-12-01 05:00:00,25.21505376344086
2021-12-01 06:00:00,26.053763440860216
2021-12-01 07:00:00,27.206521739130434
2021-12-01 08:00:00,27.49462365591398
2021-12-01 09:00:00,27.301075268817204
2021-12-01 10:00:00,26.903225806451612
2021-12-01 11:00:00,25.591397849462364
2021-12-01 12:00:00,24.387096774193548
2021-12-01 13:00:00,23.870967741935484
2021-12-01 14:00:00,23.170212765957448
2021-12-01 15:00:00,23.22340425531915
2021-12-01 16:00:00,23.440860215053764
2021-12-01 17:00:00,25.096774193548388
2021-12-01 18:00:00,28.0752688172043
2021-12-01 19:00:00,30.46808510638298
2021-12-01 20:00:00,33.138297872340424
2021-12-01 21:00:00,32.45744680851064
2021-12-01 22:00:00,32.70652173913044
2021-12-01 23:00:00,32.141304347826086
2021-12-02 00:00:00,30.02173913043478
2021-12-02 01:00:00,28.53846153846154
2021-12-02 02:00:00,27.565217391304348
2021-12-02 03:00:00,27.52173913043478
2021-12-02 04:00:00,26.608695652173914
2021-12-02 05:00:00,26.880434782608695
2021-12-02 06:00:00,27.236559139784948
2021-12-02 07:00:00,27.741935483870968
2021-12-02 08:00:00,27.967741935483872
2021-12-02 09:00:00,26.9247311827957
2021-12-02 10:00:00,25.548387096774192
2021-12-02 11:00:00,24.602150537634408
2021-12-02 12:00:00,22.9247311827957
2021-12-02 13:00:00,21.80851063829787
2021-12-02 14:00:00,22.48936170212766
2021-12-02 15:00:00,22.393617021276597
2021-12-02 16:00:00,22.78723404255319
2021-12-02 17:00:00,24.361702127659573
2021-12-02 18:00:00,26.21276595744681
2021-12-02 19:00:00,30.28723404255319
2021-12-02 20:00:00,31.351063829787233
2021-12-02 21:00:00,31.06382978723404
2021-12-02 22:00:00,30.382978723404257
2021-12-02 23:00:00,29.27659574468085
2021-12-03 00:00:00,28.51063829787234
2021-12-03 01:00:00,28.085106382978722
2021-12-03 02:00:00,27.80851063829787
2021-12-03 03:00:00,27.43617021276596
2021-12-03 04:00:00,27.19148936170213
2021-12-03 05:00:00,26.70212765957447
2021-12-03 06:00:00,27.01063829787234
2021-12-03 07:00:00,28.372340425531913
2021-12-03 08:00:00,28.159574468085108
2021-12-03 09:00:00,27.159574468085108
2021-12-03 10:00:00,25.72043010752688
2021-12-03 11:00:00,24.617021276595743
2021-12-03 12:00:00,22.095744680851062
2021-12-03 13:00:00,21.26595744680851
2021-12-03 14:00:00,20.516129032258064
2021-12-03 15:00:00,21.344086021505376
2021-12-03 16:00:00,22.617021276595743
2021-12-03 17:00:00,24.414893617021278
2021-12-03 18:00:00,27.75531914893617
2021-12-03 19:00:00,31.680851063829788
2021-12-03 20:00:00,33.202127659574465
2021-12-03 21:00:00,33.691489361702125
2021-12-03 22:00:00,32.87234042553192
2021-12-03 23:00:00,30.925531914893618
2021-12-04 00:00:00,28.872340425531913
2021-12-04 01:00:00,27.71276595744681
2021-12-04 02:00:00,27.28723404255319
2021-12-04 03:00:00,27.148936170212767
2021-12-04 04:00:00,27.404255319148938
2021-12-04 05:00:00,26.95744680851064
2021-12-04 06:00:00,27.819148936170212
2021-12-04 07:00:00,29.48936170212766
2021-12-04 08:00:00,30.73404255319149
2021-12-04 09:00:00,29.13978494623656
2021-12-04 10:00:00,27.64516129032258
2021-12-04 11:00:00,25.595744680851062
2021-12-04 12:00:00,24.27659574468085
2021-12-04 13:00:00,22.870967741935484
2021-12-04 14:00:00,22.397849462365592
2021-12-04 15:00:00,22.72340425531915
2021-12-04 16:00:00,23.904255319148938
2021-12-04 17:00:00,25.180851063829788
2021-12-04 18:00:00,28.617021276595743
2021-12-04 19:00:00,33.12765957446808
2021-12-04 20:00:00,35.526881720430104
2021-12-04 21:00:00,36.38297872340426
2021-12-04 22:00:00,36.170212765957444
2021-12-04 23:00:00,34.40425531914894
2021-12-05 00:00:00,31.95744680851064
2021-12-05 01:00:00,30.893617021276597
2021-12-05 02:00:00,29.98936170212766
2021-12-05 03:00:00,29.78723404255319
2021-12-05 04:00:00,29.382978723404257
2021-12-05 05:00:00,29.20212765957447
2021-12-05 06:00:00,30.074468085106382
2021-12-05 07:00:00,31.361702127659573
2021-12-05 08:00:00,33.47872340425532
2021-12-05 09:00:00,32.319148936170215
2021-12-05 10:00:00,29.98936170212766
2021-12-05 11:00:00,27.75531914893617
2021-12-05 12:00:00,26.78494623655914
2021-12-05 13:00:00,24.627659574468087
2021-12-05 14:00:00,23.43617021276596
2021-12-05 15:00:00,23.170212765957448
2021-12-05 16:00:00,23.98936170212766
2021-12-05 17:00:00,25.085106382978722
2021-12-05 18:00:00,29.319148936170212
2021-12-05 19:00:00,33.95744680851064
2021-12-05 20:00:00,38.148936170212764
2021-12-05 21:00:00,41.180851063829785
2021-12-05 22:00:00,40.265957446808514
2021-12-05 23:00:00,39.329787234042556
2021-12-06 00:00:00,37.234042553191486
2021-12-06 01:00:00,36.3936170212766
2021-12-06 02:00:00,34.691489361702125
2021-12-06 03:00:00,33.54255319148936
2021-12-06 04:00:00,32.54255319148936
2021-12-06 05:00:00,32.648936170212764
2021-12-06 06:00:00,33.89247311827957
2021-12-06 07:00:00,36.361702127659576
2021-12-06 08:00:00,37.74193548387097
2021-12-06 09:00:00,35.645161290322584
2021-12-06 10:00:00,32.638297872340424
2021-12-06 11:00:00,29.393617021276597
2021-12-06 12:00:00,26.71276595744681
2021-12-06 13:00:00,24.397849462365592
2021-12-06 14:00:00,22.638297872340427
2021-12-06 15:00:00,22.97872340425532
2021-12-06 16:00:00,24.010752688172044
2021-12-06 17:00:00,26.117021276595743
2021-12-06 18:00:00,28.595744680851062
2021-12-06 19:00:00,33.723404255319146
2021-12-06 20:00:00,37.01063829787234
2021-12-06 21:00:00,39.59574468085106
2021-12-06 22:00:00,38.784946236559136
2021-12-06 23:00:00,38.354838709677416
2021-12-07 00:00:00,36.59139784946237
2021-12-07 01:00:00,36.784946236559136
2021-12-07 02:00:00,35.58064516129032
2021-12-07 03:00:00,34.13978494623656
2021-12-07 04:00:00,33.74193548387097
2021-12-07 05:00:00,34.193548387096776
2021-12-07 06:00:00,36.1505376344086
2021-12-07 07:00:00,38.48936170212766
2021-12-07 08:00:00,39.38297872340426
2021-12-07 09:00:00,37.41489361702128
2021-12-07 10:00:00,34.57446808510638
2021-12-07 11:00:00,32.159574468085104
2021-12-07 12:00:00,29.4468085106383
2021-12-07 13:00:00,27.483870967741936
2021-12-07 14:00:00,26.752688172043012
2021-12-07 15:00:00,26.086021505376344
2021-12-07 16:00:00,26.71276595744681
2021-12-07 17:00:00,29.659574468085108
2021-12-07 18:00:00,34.40425531914894
2021-12-07 19:00:00,39.829787234042556
2021-12-07 20:00:00,42.361702127659576
2021-12-07 21:00:00,44.276595744680854
2021-12-07 22:00:00,44.712765957446805
2021-12-07 23:00:00,42.297872340425535
2021-12-08 00:00:00,40.361702127659576
2021-12-08 01:00:00,38.53191489361702
2021-12-08 02:00:00,36.680851063829785
2021-12-08 03:00:00,34.712765957446805
2021-12-08 04:00:00,34.776595744680854
2021-12-08 05:00:00,35.95744680851064
2021-12-08 06:00:00,36.57446808510638
2021-12-08 07:00:00,38.38297872340426
2021-12-08 08:00:00,40.38297872340426
2021-12-08 09:00:00,37.43617021276596
2021-12-08 10:00:00,34.90425531914894
2021-12-08 11:00:00,32.12765957446808
2021-12-08 12:00:00,29.21276595744681
2021-12-08 13:00:00,26.840425531914892
2021-12-08 14:00:00,25.24468085106383
2021-12-08 15:00:00,24.53191489361702
2021-12-08 16:00:00,24.56382978723404
2021-12-08 17:00:00,25.5531914893617
2021-12-08 18:00:00,28.72340425531915
2021-12-08 19:00:00,33.351063829787236
2021-12-08 20:00:00,37.0531914893617
2021-12-08 21:00:00,39.808510638297875
2021-12-08 22:00:00,39.5
2021-12-08 23:00:00,38.54255319148936
2021-12-09 00:00:00,36.93617021276596
2021-12-09 01:00:00,35.670212765957444
2021-12-09 02:00:00,34.91489361702128
2021-12-09 03:00:00,32.58510638297872
2021-12-09 04:00:00,32.287234042553195
2021-12-09 05:00:00,32.329787234042556
2021-12-09 06:00:00,32.670212765957444
2021-12-09 07:00:00,33.09574468085106
2021-12-09 08:00:00,32.93617021276596
2021-12-09 09:00:00,29.80851063829787
2021-12-09 10:00:00,26.372340425531913
2021-12-09 11:00:00,23.06451612903226
2021-12-09 12:00:00,20.236559139784948
2021-12-09 13:00:00,18.344086021505376
2021-12-09 14:00:00,17.021505376344088
2021-12-09 15:00:00,16.380434782608695
2021-12-09 16:00:00,16.9247311827957
2021-12-09 17:00:00,18.268817204301076
2021-12-09 18:00:00,21.268817204301076
2021-12-09 19:00:00,23.50537634408602
2021-12-09 20:00:00,26.397849462365592
2021-12-09 21:00:00,27.52127659574468
2021-12-09 22:00:00,27.24468085106383
2021-12-09 23:00:00,27.595744680851062
2021-12-10 00:00:00,27.0531914893617
2021-12-10 01:00:00,26.414893617021278
2021-12-10 02:00:00,26.20212765957447
2021-12-10 03:00:00,24.71276595744681
2021-12-10 04:00:00,23.627659574468087
2021-12-10 05:00:00,23.0531914893617
2021-12-10 06:00:00,22.925531914893618
2021-12-10 07:00:00,25.159574468085108
2021-12-10 08:00:00,24.946236559139784
2021-12-10 09:00:00,23.08695652173913
2021-12-10 10:00:00,20.397849462365592
2021-12-10 11:00:00,18.33695652173913
2021-12-10 12:00:00,16.934065934065934
2021-12-10 13:00:00,16.45744680851064
2021-12-10 14:00:00,16.26595744680851
2021-12-10 15:00:00,16.46808510638298
2021-12-10 16:00:00,17.5531914893617
2021-12-10 17:00:00,18.914893617021278
2021-12-10 18:00:00,22.680851063829788
2021-12-10 19:00:00,25.904255319148938
2021-12-10 20:00:00,28.085106382978722
2021-12-10 21:00:00,29.606382978723403
2021-12-10 22:00:00,29.170212765957448
2021-12-10 23:00:00,28.904255319148938
2021-12-11 00:00:00,27.53191489361702
2021-12-11 01:00:00,27.117021276595743
2021-12-11 02:00:00,26.827956989247312
2021-12-11 03:00:00,24.827956989247312
2021-12-11 04:00:00,24.107526881720432
2021-12-11 05:00:00,23.29787234042553
2021-12-11 06:00:00,24.03191489361702
2021-12-11 07:00:00,25.659574468085108
2021-12-11 08:00:00,27.5531914893617
2021-12-11 09:00:00,25.148936170212767
2021-12-11 10:00:00,22.595744680851062
2021-12-11 11:00:00,20.595744680851062
2021-12-11 12:00:00,18.96808510638298
2021-12-11 13:00:00,18.159574468085108
2021-12-11 14:00:00,18.5
2021-12-11 15:00:00,18.752688172043012
2021-12-11 16:00:00,19.630434782608695
2021-12-11 17:00:00,20.467391304347824
2021-12-11 18:00:00,23.526881720430108
2021-12-11 19:00:00,28.96808510638298
2021-12-11 20:00:00,29.851063829787233
2021-12-11 21:00:00,29.925531914893618
2021-12-11 22:00:00,27.393617021276597
2021-12-11 23:00:00,26.46808510638298
2021-12-12 00:00:00,25.914893617021278
2021-12-12 01:00:00,25.03191489361702
2021-12-12 02:00:00,24.319148936170212
2021-12-12 03:00:00,23.372340425531913
2021-12-12 04:00:00,23.45744680851064
2021-12-12 05:00:00,24.21276595744681
2021-12-12 06:00:00,25.585106382978722
2021-12-12 07:00:00,27.24468085106383
2021-12-12 08:00:00,28.20212765957447
2021-12-12 09:00:00,26.106382978723403
2021-12-12 10:00:00,23.414893617021278
2021-12-12 11:00:00,20.78494623655914
2021-12-12 12:00:00,18.74468085106383
2021-12-12 13:00:00,16.72340425531915
2021-12-12 14:00:00,16.06382978723404
2021-12-12 15:00:00,16.24468085106383
2021-12-12 16:00:00,16.71276595744681
2021-12-12 17:00:00,17.98936170212766
2021-12-12 18:00:00,20.76595744680851
2021-12-12 19:00:00,23.97872340425532
2021-12-12 20:00:00,26.21276595744681
2021-12-12 21:00:00,27.28723404255319
2021-12-12 22:00:00,27.382978723404257
2021-12-12 23:00:00,26.840425531914892
2021-12-13 00:00:00,25.319148936170212
2021-12-13 01:00:00,23.872340425531913
2021-12-13 02:00:00,21.148936170212767
2021-12-13 03:00:00,19.372340425531913
2021-12-13 04:00:00,18.80851063829787
2021-12-13 05:00:00,18.48936170212766
2021-12-13 06:00:00,19.23404255319149
2021-12-13 07:00:00,20.48936170212766
2021-12-13 08:00:00,23
2021-12-13 09:00:00,23.095744680851062
2021-12-13 10:00:00,21.340425531914892
2021-12-13 11:00:00,19.54255319148936
2021-12-13 12:00:00,19.21276595744681
2021-12-13 13:00:00,18.372340425531913
2021-12-13 14:00:00,18.01063829787234
2021-12-13 15:00:00,18.404255319148938
2021-12-13 16:00:00,19.127659574468087
2021-12-13 17:00:00,20.73404255319149
2021-12-13 18:00:00,23.02127659574468
2021-12-13 19:00:00,26.26595744680851
2021-12-13 20:00:00,28.617021276595743
2021-12-13 21:00:00,28.659574468085108
2021-12-13 22:00:00,28.56989247311828
2021-12-13 23:00:00,27.806451612903224
2021-12-14 00:00:00,28.268817204301076
2021-12-14 01:00:00,27.881720430107528
2021-12-14 02:00:00,27.731182795698924
2021-12-14 03:00:00,27.559139784946236
2021-12-14 04:00:00,28.225806451612904
2021-12-14 05:00:00,29.043010752688172
2021-12-14 06:00:00,30.369565217391305
2021-12-14 07:00:00,30.870967741935484
2021-12-14 08:00:00,32.30434782608695
2021-12-14 09:00:00,32.806451612903224
2021-12-14 10:00:00,31.184782608695652
2021-12-14 11:00:00,29.703296703296704
2021-12-14 12:00:00,27.483870967741936
2021-12-14 13:00:00,25.925531914893618
2021-12-14 14:00:00,24.53191489361702
2021-12-14 15:00:00,23.627659574468087
2021-12-14 16:00:00,23.414893617021278
2021-12-14 17:00:00,24.680851063829788
2021-12-14 18:00:00,27.585106382978722
2021-12-14 19:00:00,31.93617021276596
2021-12-14 20:00:00,34.6063829787234
2021-12-14 21:00:00,36.09574468085106
2021-12-14 22:00:00,36.42553191489362
2021-12-14 23:00:00,35.41489361702128
2021-12-15 00:00:00,35.308510638297875
2021-12-15 01:00:00,34.96808510638298
2021-12-15 02:00:00,33.45744680851064
2021-12-15 03:00:00,32.87096774193548
2021-12-15 04:00:00,32.41935483870968
2021-12-15 05:00:00,33.763440860215056
2021-12-15 06:00:00,35.308510638297875
2021-12-15 07:00:00,36.06382978723404
2021-12-15 08:00:00,37.45744680851064
2021-12-15 09:00:00,36.630434782608695
2021-12-15 10:00:00,34.369565217391305
2021-12-15 11:00:00,31.155555555555555
2021-12-15 12:00:00,27.417582417582416
2021-12-15 13:00:00,25.483516483516482
2021-12-15 14:00:00,23.626373626373628
2021-12-15 15:00:00,22.92391304347826
2021-12-15 16:00:00,23.543478260869566
2021-12-15 17:00:00,26.804347826086957
2021-12-15 18:00:00,32.043010752688176
2021-12-15 19:00:00,36.204301075268816
2021-12-15 20:00:00,38.60215053763441
2021-12-15 21:00:00,40.87096774193548
2021-12-15 22:00:00,40.29032258064516
2021-12-15 23:00:00,40.43010752688172
2021-12-16 00:00:00,39.903225806451616
2021-12-16 01:00:00,39.12903225806452
2021-12-16 02:00:00,38.17204301075269
2021-12-16 03:00:00,36.32258064516129
2021-12-16 04:00:00,35.58064516129032
2021-12-16 05:00:00,36.60215053763441
2021-12-16 06:00:00,38.74193548387097
2021-12-16 07:00:00,41.064516129032256
2021-12-16 08:00:00,42.516129032258064
2021-12-16 09:00:00,39.645161290322584
2021-12-16 10:00:00,34.98924731182796
2021-12-16 11:00:00,31.688172043010752
2021-12-16 12:00:00,27.698924731182796
2021-12-16 13:00:00,24.236559139784948
2021-12-16 14:00:00,22.752688172043012
2021-12-16 15:00:00,21.870967741935484
2021-12-16 16:00:00,22.580645161290324
2021-12-16 17:00:00,25.150537634408604
2021-12-16 18:00:00,30.391304347826086
2021-12-16 19:00:00,35.76086956521739
2021-12-16 20:00:00,37.45161290322581
2021-12-16 21:00:00,40.666666666666664
2021-12-16 22:00:00,40.96774193548387
2021-12-16 23:00:00,39.87096774193548
2021-12-17 00:00:00,38.11827956989247
2021-12-17 01:00:00,35.774193548387096
2021-12-17 02:00:00,33.666666666666664
2021-12-17 03:00:00,33.59139784946237
2021-12-17 04:00:00,33.075268817204304
2021-12-17 05:00:00,32.82795698924731
2021-12-17 06:00:00,34.53763440860215
2021-12-17 07:00:00,34.365591397849464
2021-12-17 08:00:00,36.69892473118279
2021-12-17 09:00:00,35.043010752688176
2021-12-17 10:00:00,31.752688172043012
2021-12-17 11:00:00,27.892473118279568
2021-12-17 12:00:00,24.161290322580644
2021-12-17 13:00:00,21.946236559139784
2021-12-17 14:00:00,20.602150537634408
2021-12-17 15:00:00,19.989247311827956
2021-12-17 16:00:00,20.49462365591398
2021-12-17 17:00:00,21.870967741935484
2021-12-17 18:00:00,24.440860215053764
2021-12-17 19:00:00,26.806451612903224
2021-12-17 20:00:00,29.698924731182796
2021-12-17 21:00:00,29.967741935483872
2021-12-17 22:00:00,29.688172043010752
2021-12-17 23:00:00,28.989247311827956
2021-12-18 00:00:00,27.322580645161292
2021-12-18 01:00:00,26.247311827956988
2021-12-18 02:00:00,24.731182795698924
2021-12-18 03:00:00,23.86021505376344
2021-12-18 04:00:00,23
2021-12-18 05:00:00,22.655913978494624
2021-12-18 06:00:00,22.172043010752688
2021-12-18 07:00:00,23.225806451612904
2021-12-18 08:00:00,24.913978494623656
2021-12-18 09:00:00,25.543478260869566
2021-12-18 10:00:00,25.13186813186813
2021-12-18 11:00:00,23.48913043478261
2021-12-18 12:00:00,22.175824175824175
2021-12-18 13:00:00,22.285714285714285
2021-12-18 14:00:00,22.17391304347826
2021-12-18 15:00:00,22.119565217391305
2021-12-18 16:00:00,22.282608695652176
2021-12-18 17:00:00,24.087912087912088
2021-12-18 18:00:00,26.076923076923077
2021-12-18 19:00:00,28.47826086956522
2021-12-18 20:00:00,30.554347826086957
2021-12-18 21:00:00,30.304347826086957
2021-12-18 22:00:00,30.22826086956522
2021-12-18 23:00:00,29.891304347826086
2021-12-19 00:00:00,28.630434782608695
2021-12-19 01:00:00,27.043478260869566
2021-12-19 02:00:00,25.41304347826087
2021-12-19 03:00:00,24.097826086956523
2021-12-19 04:00:00,22.347826086956523
2021-12-19 05:00:00,21.402173913043477
2021-12-19 06:00:00,22.26086956521739
2021-12-19 07:00:00,22.76086956521739
2021-12-19 08:00:00,24.384615384615383
2021-12-19 09:00:00,24.285714285714285
2021-12-19 10:00:00,23.43010752688172
2021-12-19 11:00:00,21.881720430107528
2021-12-19 12:00:00,20.967741935483872
2021-12-19 13:00:00,20.78494623655914
2021-12-19 14:00:00,22.06451612903226
2021-12-19 15:00:00,22.440860215053764
2021-12-19 16:00:00,23.107526881720432
2021-12-19 17:00:00,25.397849462365592
2021-12-19 18:00:00,28.315217391304348
2021-12-19 19:00:00,30.462365591397848
2021-12-19 20:00:00,33.236559139784944
2021-12-19 21:00:00,35.494623655913976
2021-12-19 22:00:00,36.086021505376344
2021-12-19 23:00:00,36.21739130434783
2021-12-20 00:00:00,36.086021505376344
2021-12-20 01:00:00,36.13978494623656
2021-12-20 02:00:00,35.25806451612903
2021-12-20 03:00:00,35.11827956989247
2021-12-20 04:00:00,34.03225806451613
2021-12-20 05:00:00,33.53763440860215
2021-12-20 06:00:00,34.59139784946237
2021-12-20 07:00:00,36.505376344086024
2021-12-20 08:00:00,36.526881720430104
2021-12-20 09:00:00,33.65555555555556
2021-12-20 10:00:00,31.681318681318682
2021-12-20 11:00:00,31.043478260869566
2021-12-20 12:00:00,29.07608695652174
2021-12-20 13:00:00,28.706521739130434
2021-12-20 14:00:00,28.835164835164836
2021-12-20 15:00:00,28.285714285714285
2021-12-20 16:00:00,28.880434782608695
2021-12-20 17:00:00,30.543478260869566
2021-12-20 18:00:00,34.215053763440864
2021-12-20 19:00:00,39.236559139784944
2021-12-20 20:00:00,42.70967741935484
2021-12-20 21:00:00,44.01075268817204
2021-12-20 22:00:00,45.225806451612904
2021-12-20 23:00:00,45.913978494623656
2021-12-21 00:00:00,46.138297872340424
2021-12-21 01:00:00,44.43617021276596
2021-12-21 02:00:00,43.159574468085104
2021-12-21 03:00:00,42.59574468085106
2021-12-21 04:00:00,43
2021-12-21 05:00:00,43.90425531914894
2021-12-21 06:00:00,45.212765957446805
2021-12-21 07:00:00,47.93617021276596
2021-12-21 08:00:00,51.223404255319146
2021-12-21 09:00:00,49.18279569892473
2021-12-21 10:00:00,43.924731182795696
2021-12-21 11:00:00,39.56989247311828
2021-12-21 12:00:00,36.44086021505376
2021-12-21 13:00:00,34.2
2021-12-21 14:00:00,33.4468085106383
2021-12-21 15:00:00,31.892473118279568
2021-12-21 16:00:00,31.870967741935484
2021-12-21 17:00:00,33.680851063829785
2021-12-21 18:00:00,38.11702127659574
2021-12-21 19:00:00,43.58510638297872
2021-12-21 20:00:00,49.12765957446808
2021-12-21 21:00:00,51.223404255319146
2021-12-21 22:00:00,52.276595744680854
2021-12-21 23:00:00,51.244680851063826
2021-12-22 00:00:00,49.787234042553195
2021-12-22 01:00:00,47.6063829787234
2021-12-22 02:00:00,45.180851063829785
2021-12-22 03:00:00,44.212765957446805
2021-12-22 04:00:00,43.361702127659576
2021-12-22 05:00:00,43.90425531914894
2021-12-22 06:00:00,45.829787234042556
2021-12-22 07:00:00,49.53191489361702
2021-12-22 08:00:00,51.41489361702128
2021-12-22 09:00:00,49.680851063829785
2021-12-22 10:00:00,45.086021505376344
2021-12-22 11:00:00,41.18279569892473
2021-12-22 12:00:00,37.02150537634409
2021-12-22 13:00:00,34.16129032258065
2021-12-22 14:00:00,33.12903225806452
2021-12-22 15:00:00,32.82608695652174
2021-12-22 16:00:00,33.89010989010989
2021-12-22 17:00:00,35.51086956521739
2021-12-22 18:00:00,40.27173913043478
2021-12-22 19:00:00,46.91304347826087
2021-12-22 20:00:00,50.28260869565217
2021-12-22 21:00:00,54.56521739130435
2021-12-22 22:00:00,53.78260869565217
2021-12-22 23:00:00,51.064516129032256
2021-12-23 00:00:00,48.58064516129032
2021-12-23 01:00:00,47.39784946236559
2021-12-23 02:00:00,46.333333333333336
2021-12-23 03:00:00,45.81720430107527
2021-12-23 04:00:00,45.29032258064516
2021-12-23 05:00:00,44.946236559139784
2021-12-23 06:00:00,45.97849462365591
2021-12-23 07:00:00,50.13978494623656
2021-12-23 08:00:00,51.26881720430107
2021-12-23 09:00:00,50.505376344086024
2021-12-23 10:00:00,44.666666666666664
2021-12-23 11:00:00,37.77173913043478
2021-12-23 12:00:00,34
2021-12-23 13:00:00,30.043010752688172
2021-12-23 14:00:00,28.372340425531913
2021-12-23 15:00:00,27.638297872340427
2021-12-23 16:00:00,28.340425531914892
2021-12-23 17:00:00,30.27659574468085
2021-12-23 18:00:00,34.37234042553192
2021-12-23 19:00:00,41.180851063829785
2021-12-23 20:00:00,47.1063829787234
2021-12-23 21:00:00,48.670212765957444
2021-12-23 22:00:00,47.202127659574465
2021-12-23 23:00:00,44.37234042553192
2021-12-24 00:00:00,42.776595744680854
2021-12-24 01:00:00,41.329787234042556
2021-12-24 02:00:00,39.819148936170215
2021-12-24 03:00:00,40.191489361702125
2021-12-24 04:00:00,41.58510638297872
2021-12-24 05:00:00,41.851063829787236
2021-12-24 06:00:00,43.861702127659576
2021-12-24 07:00:00,46.88297872340426
2021-12-24 08:00:00,47.1505376344086
2021-12-24 09:00:00,45.44086021505376
2021-12-24 10:00:00,41.69892473118279
2021-12-24 11:00:00,36.494623655913976
2021-12-24 12:00:00,33.01075268817204
2021-12-24 13:00:00,29.268817204301076
2021-12-24 14:00:00,27.48913043478261
2021-12-24 15:00:00,26.193548387096776
2021-12-24 16:00:00,26.293478260869566
2021-12-24 17:00:00,27.698924731182796
2021-12-24 18:00:00,32.319148936170215
2021-12-24 19:00:00,38.4468085106383
2021-12-24 20:00:00,41.48936170212766
2021-12-24 21:00:00,41.861702127659576
2021-12-24 22:00:00,40.31182795698925
2021-12-24 23:00:00,37.86021505376344
2021-12-25 00:00:00,33.96774193548387
2021-12-25 01:00:00,31.57608695652174
2021-12-25 02:00:00,30.032258064516128
2021-12-25 03:00:00,28.27956989247312
2021-12-25 04:00:00,28.741935483870968
2021-12-25 05:00:00,29.20212765957447
2021-12-25 06:00:00,29.29787234042553
2021-12-25 07:00:00,31.180851063829788
2021-12-25 08:00:00,32.53191489361702
2021-12-25 09:00:00,30.96808510638298
2021-12-25 10:00:00,28.365591397849464
2021-12-25 11:00:00,24.554347826086957
2021-12-25 12:00:00,22.065217391304348
2021-12-25 13:00:00,20.141304347826086
2021-12-25 14:00:00,18.27173913043478
2021-12-25 15:00:00,18.29032258064516
2021-12-25 16:00:00,19.129032258064516
2021-12-25 17:00:00,20.655913978494624
2021-12-25 18:00:00,24.010752688172044
2021-12-25 19:00:00,26.881720430107528
2021-12-25 20:00:00,29.053763440860216
2021-12-25 21:00:00,28.21505376344086
2021-12-25 22:00:00,26.829787234042552
2021-12-25 23:00:00,25.595744680851062
2021-12-26 00:00:00,24.085106382978722
2021-12-26 01:00:00,22.80851063829787
2021-12-26 02:00:00,21.93617021276596
2021-12-26 03:00:00,20.76595744680851
2021-12-26 04:00:00,21.170212765957448
2021-12-26 05:00:00,21.861702127659573
2021-12-26 06:00:00,22.680851063829788
2021-12-26 07:00:00,24.45744680851064
2021-12-26 08:00:00,26.33695652173913
2021-12-26 09:00:00,24.50537634408602
2021-12-26 10:00:00,21.26086956521739
2021-12-26 11:00:00,19.27956989247312
2021-12-26 12:00:00,17.73913043478261
2021-12-26 13:00:00,16.72826086956522
2021-12-26 14:00:00,16.141304347826086
2021-12-26 15:00:00,15.553191489361701
2021-12-26 16:00:00,16.117021276595743
2021-12-26 17:00:00,17.851063829787233
2021-12-26 18:00:00,21.80851063829787
2021-12-26 19:00:00,25.870967741935484
2021-12-26 20:00:00,26.95744680851064
2021-12-26 21:00:00,27.648936170212767
2021-12-26 22:00:00,27.76595744680851
2021-12-26 23:00:00,27.138297872340427
2021-12-27 00:00:00,25.98936170212766
2021-12-27 01:00:00,25.840425531914892
2021-12-27 02:00:00,25.47872340425532
2021-12-27 03:00:00,25.69148936170213
2021-12-27 04:00:00,26.351063829787233
2021-12-27 05:00:00,26.893617021276597
2021-12-27 06:00:00,28.106382978723403
2021-12-27 07:00:00,29.27659574468085
2021-12-27 08:00:00,29.03191489361702
2021-12-27 09:00:00,25.95744680851064
2021-12-27 10:00:00,22.638297872340427
2021-12-27 11:00:00,19.4468085106383
2021-12-27 12:00:00,18.30851063829787
2021-12-27 13:00:00,16.617021276595743
2021-12-27 14:00:00,15.893617021276595
2021-12-27 15:00:00,15.457446808510639
2021-12-27 16:00:00,14.851063829787234
2021-12-27 17:00:00,15.457446808510639
2021-12-27 18:00:00,17.606382978723403
2021-12-27 19:00:00,21.925531914893618
2021-12-27 20:00:00,24.351063829787233
2021-12-27 21:00:00,24.5531914893617
2021-12-27 22:00:00,24.170212765957448
2021-12-27 23:00:00,23.085106382978722
2021-12-28 00:00:00,21.925531914893618
2021-12-28 01:00:00,21.54255319148936
2021-12-28 02:00:00,19.361702127659573
2021-12-28 03:00:00,17.670212765957448
2021-12-28 04:00:00,16.52127659574468
2021-12-28 05:00:00,16.372340425531913
2021-12-28 06:00:00,16.617021276595743
2021-12-28 07:00:00,17.819148936170212
2021-12-28 08:00:00,19.27659574468085
2021-12-28 09:00:00,18.43617021276596
2021-12-28 10:00:00,16.414893617021278
2021-12-28 11:00:00,14.96808510638298
2021-12-28 12:00:00,13.574468085106384
2021-12-28 13:00:00,12.308510638297872
2021-12-28 14:00:00,11.808510638297872
2021-12-28 15:00:00,11.925531914893616
2021-12-28 16:00:00,12.51063829787234
2021-12-28 17:00:00,13.436170212765957
2021-12-28 18:00:00,15.26595744680851
2021-12-28 19:00:00,18.73404255319149
2021-12-28 20:00:00,20.26595744680851
2021-12-28 21:00:00,21.46808510638298
2021-12-28 22:00:00,22.0531914893617
2021-12-28 23:00:00,21.159574468085108
2021-12-29 00:00:00,19.45744680851064
2021-12-29 01:00:00,18.829787234042552
2021-12-29 02:00:00,17.53191489361702
2021-12-29 03:00:00,16.5531914893617
2021-12-29 04:00:00,15.893617021276595
2021-12-29 05:00:00,16.085106382978722
2021-12-29 06:00:00,17.02127659574468
2021-12-29 07:00:00,19.148936170212767
2021-12-29 08:00:00,21.127659574468087
2021-12-29 09:00:00,20.80851063829787
2021-12-29 10:00:00,18.53191489361702
2021-12-29 11:00:00,16.22340425531915
2021-12-29 12:00:00,13.542553191489361
2021-12-29 13:00:00,12.351063829787234
2021-12-29 14:00:00,12.106382978723405
2021-12-29 15:00:00,12.382978723404255
2021-12-29 16:00:00,13.957446808510639
2021-12-29 17:00:00,14.623655913978494
2021-12-29 18:00:00,16.86021505376344
2021-12-29 19:00:00,19.161290322580644
2021-12-29 20:00:00,19.402173913043477
2021-12-29 21:00:00,19.66304347826087
2021-12-29 22:00:00,20.217391304347824
2021-12-29 23:00:00,20.58695652173913
2021-12-30 00:00:00,20.043478260869566
2021-12-30 01:00:00,18.804347826086957
2021-12-30 02:00:00,17.652173913043477
2021-12-30 03:00:00,16.58695652173913
2021-12-30 04:00:00,15.652173913043478
2021-12-30 05:00:00,15.380434782608695
2021-12-30 06:00:00,16.23913043478261
2021-12-30 07:00:00,17.36263736263736
2021-12-30 08:00:00,18.571428571428573
2021-12-30 09:00:00,17.516129032258064
2021-12-30 10:00:00,16.369565217391305
2021-12-30 11:00:00,15.21505376344086
2021-12-30 12:00:00,13.236559139784946
2021-12-30 13:00:00,12.344086021505376
2021-12-30 14:00:00,12.13978494623656
2021-12-30 15:00:00,12.225806451612904
2021-12-30 16:00:00,12.89247311827957
2021-12-30 17:00:00,13.602150537634408
2021-12-30 18:00:00,15.043010752688172
2021-12-30 19:00:00,18.03191489361702
2021-12-30 20:00:00,20.095744680851062
2021-12-30 21:00:00,20.351063829787233
2021-12-30 22:00:00,21.106382978723403
2021-12-30 23:00:00,21.670212765957448
2021-12-31 00:00:00,20.138297872340427
2021-12-31 01:00:00,19.627659574468087
2021-12-31 02:00:00,17.819148936170212
2021-12-31 03:00:00,17.48936170212766
2021-12-31 04:00:00,17.19148936170213
2021-12-31 05:00:00,17.21276595744681
2021-12-31 06:00:00,17.872340425531913
2021-12-31 07:00:00,17.851063829787233
2021-12-31 08:00:00,18.48936170212766
2021-12-31 09:00:00,18.24468085106383
2021-12-31 10:00:00,16.54255319148936
2021-12-31 11:00:00,14.51063829787234
2021-12-31 12:00:00,13.042553191489361
2021-12-31 13:00:00,12.957446808510639
2021-12-31 14:00:00,12.840425531914894
2021-12-31 15:00:00,12.51063829787234
2021-12-31 16:00:00,13.287234042553191
2021-12-31 17:00:00,13.851063829787234
2021-12-31 18:00:00,16.0531914893617
2021-12-31 19:00:00,18.118279569892472
2021-12-31 20:00:00,21.4468085106383
2021-12-31 21:00:00,23.880434782608695
2021-12-31 22:00:00,25.903225806451612
2021-12-31 23:00:00,25.5531914893617
2022-01-01 00:00:00,27.595744680851062
2022-01-01 01:00:00,29.30851063829787
2022-01-01 02:00:00,25.393617021276597
2022-01-01 03:00:00,22.150537634408604
2022-01-01 04:00:00,19.9247311827957
2022-01-01 05:00:00,19.293478260869566
2022-01-01 06:00:00,18.445652173913043
2022-01-01 07:00:00,18.29032258064516
2022-01-01 08:00:00,19.414893617021278
2022-01-01 09:00:00,18.595744680851062
2022-01-01 10:00:00,17.329787234042552
2022-01-01 11:00:00,15.957446808510639
2022-01-01 12:00:00,14.46808510638298
2022-01-01 13:00:00,13.414893617021276
2022-01-01 14:00:00,13.138297872340425
2022-01-01 15:00:00,12.957446808510639
2022-01-01 16:00:00,13.76595744680851
2022-01-01 17:00:00,14.170212765957446
2022-01-01 18:00:00,16.04255319148936
2022-01-01 19:00:00,18.393617021276597
2022-01-01 20:00:00,19.319148936170212
2022-01-01 21:00:00,20.585106382978722
2022-01-01 22:00:00,21.148936170212767
2022-01-01 23:00:00,20.106382978723403
2022-01-02 00:00:00,20.106382978723403
2022-01-02 01:00:00,19.404255319148938
2022-01-02 02:00:00,19.095744680851062
2022-01-02 03:00:00,18.648936170212767
2022-01-02 04:00:00,18.24468085106383
2022-01-02 05:00:00,18.382978723404257
2022-01-02 06:00:00,18.680851063829788
2022-01-02 07:00:00,19.170212765957448
2022-01-02 08:00:00,20.127659574468087
2022-01-02 09:00:00,20.01063829787234
2022-01-02 10:00:00,18.085106382978722
2022-01-02 11:00:00,16.351063829787233
2022-01-02 12:00:00,15.085106382978724
2022-01-02 13:00:00,14.03225806451613
2022-01-02 14:00:00,13.684782608695652
2022-01-02 15:00:00,13.924731182795698
2022-01-02 16:00:00,14.623655913978494
2022-01-02 17:00:00,15.297872340425531
2022-01-02 18:00:00,17.23404255319149
2022-01-02 19:00:00,21.127659574468087
2022-01-02 20:00:00,22.319148936170212
2022-01-02 21:00:00,23.51063829787234
2022-01-02 22:00:00,23.851063829787233
2022-01-02 23:00:00,23.819148936170212
2022-01-03 00:00:00,23.574468085106382
2022-01-03 01:00:00,24.117021276595743
2022-01-03 02:00:00,22.47872340425532
2022-01-03 03:00:00,21.56382978723404
2022-01-03 04:00:00,21.01063829787234
2022-01-03 05:00:00,20.840425531914892
2022-01-03 06:00:00,21.117021276595743
2022-01-03 07:00:00,22.680851063829788
2022-01-03 08:00:00,24.30851063829787
2022-01-03 09:00:00,23.840425531914892
2022-01-03 10:00:00,20.914893617021278
2022-01-03 11:00:00,19.138297872340427
2022-01-03 12:00:00,17.074468085106382
2022-01-03 13:00:00,14.847826086956522
2022-01-03 14:00:00,14.193548387096774
2022-01-03 15:00:00,14.074468085106384
2022-01-03 16:00:00,14.204301075268818
2022-01-03 17:00:00,15.319148936170214
2022-01-03 18:00:00,17.30851063829787
2022-01-03 19:00:00,21.372340425531913
2022-01-03 20:00:00,23.96808510638298
2022-01-03 21:00:00,25.861702127659573
2022-01-03 22:00:00,27.148936170212767
2022-01-03 23:00:00,26.361702127659573
2022-01-04 00:00:00,25.393617021276597
2022-01-04 01:00:00,25.76595744680851
2022-01-04 02:00:00,24.45744680851064
2022-01-04 03:00:00,24.340425531914892
2022-01-04 04:00:00,24.329787234042552
2022-01-04 05:00:00,24.54255319148936
2022-01-04 06:00:00,25.372340425531913
2022-01-04 07:00:00,27.70212765957447
2022-01-04 08:00:00,30.559139784946236
2022-01-04 09:00:00,30.50537634408602
2022-01-04 10:00:00,27.404255319148938
2022-01-04 11:00:00,24.118279569892472
2022-01-04 12:00:00,22.21505376344086
2022-01-04 13:00:00,19.78494623655914
2022-01-04 14:00:00,18.881720430107528
2022-01-04 15:00:00,17.914893617021278
2022-01-04 16:00:00,17.882978723404257
2022-01-04 17:00:00,19.118279569892472
2022-01-04 18:00:00,21.69148936170213
2022-01-04 19:00:00,25.372340425531913
2022-01-04 20:00:00,27.085106382978722
2022-01-04 21:00:00,29.382978723404257
2022-01-04 22:00:00,29.159574468085108
2022-01-04 23:00:00,28.085106382978722
2022-01-05 00:00:00,28.25531914893617
2022-01-05 01:00:00,29
2022-01-05 02:00:00,28.29787234042553
2022-01-05 03:00:00,27.71276595744681
2022-01-05 04:00:00,27.319148936170212
2022-01-05 05:00:00,27.819148936170212
2022-01-05 06:00:00,29.361702127659573
2022-01-05 07:00:00,31.425531914893618
2022-01-05 08:00:00,33.819148936170215
2022-01-05 09:00:00,34.755319148936174
2022-01-05 10:00:00,31.053763440860216
2022-01-05 11:00:00,27.585106382978722
2022-01-05 12:00:00,23.462365591397848
2022-01-05 13:00:00,21.021505376344088
2022-01-05 14:00:00,19.9247311827957
2022-01-05 15:00:00,19.225806451612904
2022-01-05 16:00:00,19.795698924731184
2022-01-05 17:00:00,21.827956989247312
2022-01-05 18:00:00,25.315217391304348
2022-01-05 19:00:00,31.41304347826087
2022-01-05 20:00:00,35.763440860215056
2022-01-05 21:00:00,37.774193548387096
2022-01-05 22:00:00,38.61290322580645
2022-01-05 23:00:00,38.89247311827957
2022-01-06 00:00:00,37.11827956989247
2022-01-06 01:00:00,35.763440860215056
2022-01-06 02:00:00,33.946236559139784
2022-01-06 03:00:00,33.27956989247312
2022-01-06 04:00:00,33.505376344086024
2022-01-06 05:00:00,34.784946236559136
2022-01-06 06:00:00,36.43010752688172
2022-01-06 07:00:00,39.8494623655914
2022-01-06 08:00:00,41.73118279569893
2022-01-06 09:00:00,38.774193548387096
2022-01-06 10:00:00,31.827956989247312
2022-01-06 11:00:00,26.21276595744681
2022-01-06 12:00:00,22.95744680851064
2022-01-06 13:00:00,21.19148936170213
2022-01-06 14:00:00,19.595744680851062
2022-01-06 15:00:00,18.69148936170213
2022-01-06 16:00:00,18.340425531914892
2022-01-06 17:00:00,19.180851063829788
2022-01-06 18:00:00,22.56382978723404
2022-01-06 19:00:00,28.425531914893618
2022-01-06 20:00:00,34.744680851063826
2022-01-06 21:00:00,36.87234042553192
2022-01-06 22:00:00,39.51063829787234
2022-01-06 23:00:00,40.787234042553195
2022-01-07 00:00:00,41.180851063829785
2022-01-07 01:00:00,40.297872340425535
2022-01-07 02:00:00,36.659574468085104
2022-01-07 03:00:00,35.170212765957444
2022-01-07 04:00:00,35.52127659574468
2022-01-07 05:00:00,36.58510638297872
2022-01-07 06:00:00,37.45744680851064
2022-01-07 07:00:00,39.797872340425535
2022-01-07 08:00:00,40.819148936170215
2022-01-07 09:00:00,39.88297872340426
2022-01-07 10:00:00,35.193548387096776
2022-01-07 11:00:00,28.505494505494507
2022-01-07 12:00:00,24.451612903225808
2022-01-07 13:00:00,21.925531914893618
2022-01-07 14:00:00,20.882978723404257
2022-01-07 15:00:00,20.25531914893617
2022-01-07 16:00:00,20.382978723404257
2022-01-07 17:00:00,21.30851063829787
2022-01-07 18:00:00,23.365591397849464
2022-01-07 19:00:00,28.29787234042553
2022-01-07 20:00:00,30.97872340425532
2022-01-07 21:00:00,31.47872340425532
2022-01-07 22:00:00,33.88297872340426
2022-01-07 23:00:00,34.787234042553195
2022-01-08 00:00:00,35.0531914893617
2022-01-08 01:00:00,35.4468085106383
2022-01-08 02:00:00,33.680851063829785
2022-01-08 03:00:00,32.680851063829785
2022-01-08 04:00:00,32.659574468085104
2022-01-08 05:00:00,32.88297872340426
2022-01-08 06:00:00,33.4468085106383
2022-01-08 07:00:00,33.691489361702125
2022-01-08 08:00:00,35.32631578947368
2022-01-08 09:00:00,32.21052631578947
2022-01-08 10:00:00,28.46808510638298
2022-01-08 11:00:00,25.27956989247312
2022-01-08 12:00:00,22.548387096774192
2022-01-08 13:00:00,20.585106382978722
2022-01-08 14:00:00,19.29787234042553
2022-01-08 15:00:00,18.319148936170212
2022-01-08 16:00:00,18.414893617021278
2022-01-08 17:00:00,19.294736842105262
2022-01-08 18:00:00,23.326315789473686
2022-01-08 19:00:00,29.526315789473685
2022-01-08 20:00:00,34.4
2022-01-08 21:00:00,35.82105263157895
2022-01-08 22:00:00,37.09473684210526
2022-01-08 23:00:00,37.757894736842104
2022-01-09 00:00:00,37.33684210526316
2022-01-09 01:00:00,37.305263157894736
2022-01-09 02:00:00,35.084210526315786
2022-01-09 03:00:00,34.810526315789474
2022-01-09 04:00:00,35.463157894736845
2022-01-09 05:00:00,35.915789473684214
2022-01-09 06:00:00,37.89473684210526
2022-01-09 07:00:00,39.242105263157896
2022-01-09 08:00:00,42.97894736842105
2022-01-09 09:00:00,40.11578947368421
2022-01-09 10:00:00,33.54736842105263
2022-01-09 11:00:00,28.74736842105263
2022-01-09 12:00:00,25.178947368421053
2022-01-09 13:00:00,22.757894736842104
2022-01-09 14:00:00,20.821052631578947
2022-01-09 15:00:00,19.08421052631579
2022-01-09 16:00:00,17.96842105263158
2022-01-09 17:00:00,19.11578947368421
2022-01-09 18:00:00,22.705263157894738
2022-01-09 19:00:00,28.242105263157896
2022-01-09 20:00:00,32.66315789473684
2022-01-09 21:00:00,34.62105263157895
2022-01-09 22:00:00,36.294736842105266
2022-01-09 23:00:00,37.05263157894737
2022-01-10 00:00:00,36.252631578947366
2022-01-10 01:00:00,36.6
2022-01-10 02:00:00,34.66315789473684
2022-01-10 03:00:00,33.82105263157895
2022-01-10 04:00:00,34.26315789473684
2022-01-10 05:00:00,35.578947368421055
2022-01-10 06:00:00,38.04210526315789
2022-01-10 07:00:00,40.56842105263158
2022-01-10 08:00:00,44.03157894736842
2022-01-10 09:00:00,43.36842105263158
2022-01-10 10:00:00,38.340425531914896
2022-01-10 11:00:00,32.68421052631579
2022-01-10 12:00:00,28.094736842105263
2022-01-10 13:00:00,25.25263157894737
2022-01-10 14:00:00,23.326315789473686
2022-01-10 15:00:00,22.270833333333332
2022-01-10 16:00:00,22.572916666666668
2022-01-10 17:00:00,23.610526315789475
2022-01-10 18:00:00,26.90625
2022-01-10 19:00:00,32.083333333333336
2022-01-10 20:00:00,35.802083333333336
2022-01-10 21:00:00,38.645833333333336
2022-01-10 22:00:00,39.354166666666664
2022-01-10 23:00:00,39.604166666666664
2022-01-11 00:00:00,38.458333333333336
2022-01-11 01:00:00,37.447916666666664
2022-01-11 02:00:00,35.541666666666664
2022-01-11 03:00:00,34.947916666666664
2022-01-11 04:00:00,34.114583333333336
2022-01-11 05:00:00,34.802083333333336
2022-01-11 06:00:00,36.416666666666664
2022-01-11 07:00:00,40.197916666666664
2022-01-11 08:00:00,43.604166666666664
2022-01-11 09:00:00,44.302083333333336
2022-01-11 10:00:00,39.197916666666664
2022-01-11 11:00:00,34.354166666666664
2022-01-11 12:00:00,29.572916666666668
2022-01-11 13:00:00,25.11578947368421
2022-01-11 14:00:00,22.822916666666668
2022-01-11 15:00:00,21.510416666666668
2022-01-11 16:00:00,21.40625
2022-01-11 17:00:00,22.4375
2022-01-11 18:00:00,26.21875
2022-01-11 19:00:00,30.03125
2022-01-11 20:00:00,32.958333333333336
2022-01-11 21:00:00,33.28125
2022-01-11 22:00:00,33.791666666666664
2022-01-11 23:00:00,33.614583333333336
2022-01-12 00:00:00,32.770833333333336
2022-01-12 01:00:00,32.385416666666664
2022-01-12 02:00:00,30.989583333333332
2022-01-12 03:00:00,30.375
2022-01-12 04:00:00,30.875
2022-01-12 05:00:00,30.989583333333332
2022-01-12 06:00:00,31.802083333333332
2022-01-12 07:00:00,34.833333333333336
2022-01-12 08:00:00,37.489583333333336
2022-01-12 09:00:00,36.66315789473684
2022-01-12 10:00:00,33.05263157894737
2022-01-12 11:00:00,30.16842105263158
2022-01-12 12:00:00,27.357894736842105
2022-01-12 13:00:00,25.073684210526316
2022-01-12 14:00:00,23.410526315789475
2022-01-12 15:00:00,22.66315789473684
2022-01-12 16:00:00,23.25263157894737
2022-01-12 17:00:00,24.875
2022-01-12 18:00:00,27.34375
2022-01-12 19:00:00,31.0625
2022-01-12 20:00:00,36.07368421052632
2022-01-12 21:00:00,37.72631578947368
2022-01-12 22:00:00,37.85263157894737
2022-01-12 23:00:00,37.159574468085104
2022-01-13 00:00:00,35.702127659574465
2022-01-13 01:00:00,33.43617021276596
2022-01-13 02:00:00,31.88421052631579
2022-01-13 03:00:00,30.926315789473684
2022-01-13 04:00:00,31.305263157894736
2022-01-13 05:00:00,32.4
2022-01-13 06:00:00,34.51578947368421
2022-01-13 07:00:00,36.76842105263158
2022-01-13 08:00:00,39.50526315789474
2022-01-13 09:00:00,38.55789473684211
2022-01-13 10:00:00,33.229166666666664
2022-01-13 11:00:00,30.03125
2022-01-13 12:00:00,26.242105263157896
2022-01-13 13:00:00,24.263157894736842
2022-01-13 14:00:00,22.726315789473684
2022-01-13 15:00:00,23.11578947368421
2022-01-13 16:00:00,23.375
2022-01-13 17:00:00,24.347368421052632
2022-01-13 18:00:00,26.479166666666668
2022-01-13 19:00:00,28.78125
2022-01-13 20:00:00,31.083333333333332
2022-01-13 21:00:00,30.705263157894738
2022-01-13 22:00:00,30.13684210526316
2022-01-13 23:00:00,29.11578947368421
2022-01-14 00:00:00,28.642105263157895
2022-01-14 01:00:00,27.568421052631578
2022-01-14 02:00:00,26.852631578947367
2022-01-14 03:00:00,26.88421052631579
2022-01-14 04:00:00,27.51578947368421
2022-01-14 05:00:00,28.357894736842105
2022-01-14 06:00:00,31.063157894736843
2022-01-14 07:00:00,33.10526315789474
2022-01-14 08:00:00,35.697916666666664
2022-01-14 09:00:00,34.427083333333336
2022-01-14 10:00:00,31.36842105263158
2022-01-14 11:00:00,28.726315789473684
2022-01-14 12:00:00,25.9375
2022-01-14 13:00:00,24.177083333333332
2022-01-14 14:00:00,23.157894736842106
2022-01-14 15:00:00,22.291666666666668
2022-01-14 16:00:00,22.635416666666668
2022-01-14 17:00:00,24.104166666666668
2022-01-14 18:00:00,27.239583333333332
2022-01-14 19:00:00,31.427083333333332
2022-01-14 20:00:00,33.875
2022-01-14 21:00:00,34.635416666666664
2022-01-14 22:00:00,34.010416666666664
2022-01-14 23:00:00,33.458333333333336
2022-01-15 00:00:00,32.90625
2022-01-15 01:00:00,31.833333333333332
2022-01-15 02:00:00,31.354166666666668
2022-01-15 03:00:00,31.78125
2022-01-15 04:00:00,32.375
2022-01-15 05:00:00,33.333333333333336
2022-01-15 06:00:00,35.697916666666664
2022-01-15 07:00:00,38.21875
2022-01-15 08:00:00,42.125
2022-01-15 09:00:00,41.697916666666664
2022-01-15 10:00:00,37.020833333333336
2022-01-15 11:00:00,32.270833333333336
2022-01-15 12:00:00,28.385416666666668
2022-01-15 13:00:00,26.385416666666668
2022-01-15 14:00:00,25.427083333333332
2022-01-15 15:00:00,25.239583333333332
2022-01-15 16:00:00,25.65625
2022-01-15 17:00:00,26.364583333333332
2022-01-15 18:00:00,29.427083333333332
2022-01-15 19:00:00,33.3125
2022-01-15 20:00:00,36.635416666666664
2022-01-15 21:00:00,36.1875
2022-01-15 22:00:00,36.802083333333336
2022-01-15 23:00:00,35.635416666666664
2022-01-16 00:00:00,34.072916666666664
2022-01-16 01:00:00,33.927083333333336
2022-01-16 02:00:00,33.104166666666664
2022-01-16 03:00:00,32.125
2022-01-16 04:00:00,32.791666666666664
2022-01-16 05:00:00,33.5625
2022-01-16 06:00:00,35.5625
2022-01-16 07:00:00,38.757894736842104
2022-01-16 08:00:00,41.357894736842105
2022-01-16 09:00:00,38.8
2022-01-16 10:00:00,34.774193548387096
2022-01-16 11:00:00,31.46808510638298
2022-01-16 12:00:00,28.49473684210526
2022-01-16 13:00:00,26.147368421052633
2022-01-16 14:00:00,25.11578947368421
2022-01-16 15:00:00,24.389473684210525
2022-01-16 16:00:00,25
2022-01-16 17:00:00,25.568421052631578
2022-01-16 18:00:00,27.810526315789474
2022-01-16 19:00:00,32.95789473684211
2022-01-16 20:00:00,35.642105263157895
2022-01-16 21:00:00,37.68421052631579
2022-01-16 22:00:00,37.45263157894737
2022-01-16 23:00:00,36.33684210526316
2022-01-17 00:00:00,36.2
2022-01-17 01:00:00,35.242105263157896
2022-01-17 02:00:00,34.55789473684211
2022-01-17 03:00:00,33.72631578947368
2022-01-17 04:00:00,33.421052631578945
2022-01-17 05:00:00,33.62105263157895
2022-01-17 06:00:00,34.473684210526315
2022-01-17 07:00:00,37.747368421052634
2022-01-17 08:00:00,40.02105263157895
2022-01-17 09:00:00,39.32631578947368
2022-01-17 10:00:00,36.840425531914896
2022-01-17 11:00:00,34.05263157894737
2022-01-17 12:00:00,31.73404255319149
2022-01-17 13:00:00,30.182795698924732
2022-01-17 14:00:00,28.27956989247312
2022-01-17 15:00:00,27.28421052631579
2022-01-17 16:00:00,27.75
2022-01-17 17:00:00,28.104166666666668
2022-01-17 18:00:00,30.416666666666668
2022-01-17 19:00:00,34.260416666666664
2022-01-17 20:00:00,39.197916666666664
2022-01-17 21:00:00,41.5
2022-01-17 22:00:00,42.875
2022-01-17 23:00:00,42.458333333333336
2022-01-18 00:00:00,42.0625
2022-01-18 01:00:00,39.59375
2022-01-18 02:00:00,36.208333333333336
2022-01-18 03:00:00,35.197916666666664
2022-01-18 04:00:00,35.145833333333336
2022-01-18 05:00:00,35.385416666666664
2022-01-18 06:00:00,35.46875
2022-01-18 07:00:00,37.37234042553192
2022-01-18 08:00:00,38.319148936170215
2022-01-18 09:00:00,35.07368421052632
2022-01-18 10:00:00,29.63157894736842
2022-01-18 11:00:00,25.51578947368421
2022-01-18 12:00:00,23.827956989247312
2022-01-18 13:00:00,21.64516129032258
2022-01-18 14:00:00,20.72826086956522
2022-01-18 15:00:00,19.904255319148938
2022-01-18 16:00:00,20.52127659574468
2022-01-18 17:00:00,20.75531914893617
2022-01-18 18:00:00,23.03157894736842
2022-01-18 19:00:00,26.648936170212767
2022-01-18 20:00:00,30.5
2022-01-18 21:00:00,31.24468085106383
2022-01-18 22:00:00,32.72043010752688
2022-01-18 23:00:00,32.48936170212766
